time,user@domain,computer,process_name,start_end,class
4730161,C11902$@DOM1,C11902,P7,Start,0
4730161,C11912$@DOM1,C11912,P8,Start,0
4730161,C12107$@DOM1,C12107,P8,Start,0
4730161,C1226$@DOM1,C1226,P16,Start,0
4730161,C12665$@DOM1,C12665,P1896,End,0
4730161,C12665$@DOM1,C12665,P1896,Start,0
4730161,C12665$@DOM1,C12665,P1897,End,0
4730161,C12665$@DOM1,C12665,P1897,Start,0
4730161,C12665$@DOM1,C12665,P28,End,0
4730161,C12665$@DOM1,C12665,P28,Start,0
4730161,C12665$@DOM1,C12665,P29,End,0
4730161,C12665$@DOM1,C12665,P29,Start,0
4730161,C12665$@DOM1,C12665,P5,End,0
4730161,C12665$@DOM1,C12665,P5,Start,0
4730161,C12792$@DOM1,C12792,P8,Start,0
4730161,C12847$@DOM1,C12847,P7,Start,0
4730161,C12847$@DOM1,C12847,P8,Start,0
4730161,C12880$@DOM1,C12880,P5,Start,0
4730161,C12880$@DOM1,C12880,P7,Start,0
4730161,C12880$@DOM1,C12880,P8,Start,0
4730161,C14186$@DOM1,C14186,P8,Start,0
4730161,C14186$@DOM1,C14186,P96,Start,0
4730161,C14254$@DOM1,C14254,P8,Start,0
4730161,C14254$@DOM1,C14254,P96,Start,0
4730161,C1439$@DOM1,C1439,P8,Start,0
4730161,C14775$@DOM1,C14775,P8,Start,0
4730161,C15172$@DOM1,C15172,P16,Start,0
4730161,C15457$@DOM1,C15457,P5,Start,0
4730161,C15457$@DOM1,C15457,P7,Start,0
4730161,C15457$@DOM1,C15457,P8,Start,0
4730161,C15756$@DOM1,C15756,P8,Start,0
4730161,C15756$@DOM1,C15756,P96,Start,0
4730161,C1611$@DOM1,C1611,P5,Start,0
4730161,C1638$@DOM1,C1638,P8,End,0
4730161,C16533$@DOM1,C16533,P16,Start,0
4730161,C16850$@DOM1,C16850,P8,Start,0
4730161,C17021$@DOM1,C17021,P8,Start,0
4730161,C17159$@DOM1,C17159,P8,Start,0
4730161,C17418$@DOM1,C17418,P8,Start,0
4730161,C1745$@DOM1,C1745,P74,Start,0
4730161,C17788$@DOM1,C17788,P8,Start,0
4730161,C18018$@DOM1,C18018,P7,End,0
4730161,C18018$@DOM1,C18018,P7,Start,0
4730161,C18524$@DOM1,C18524,P16,Start,0
4730161,C18632$@DOM1,C18632,P5,Start,0
4730161,C18632$@DOM1,C18632,P7,Start,0
4730161,C18632$@DOM1,C18632,P8,Start,0
4730161,C1875$@DOM1,C1875,P147,End,0
4730161,C1875$@DOM1,C1875,P147,Start,0
4730161,C1875$@DOM1,C1875,P148,End,0
4730161,C1875$@DOM1,C1875,P148,Start,0
4730161,C1875$@DOM1,C1875,P8,Start,0
4730161,C1875$@DOM1,C1875,P96,End,0
4730161,C1875$@DOM1,C1875,P96,Start,0
4730161,C18947$@DOM1,C18947,P5,Start,0
4730161,C18947$@DOM1,C18947,P7,Start,0
4730161,C18947$@DOM1,C18947,P8,Start,0
4730161,C19094$@DOM1,C19094,P7,Start,0
4730161,C19797$@DOM1,C19797,P265,End,0
4730161,C19797$@DOM1,C19797,P265,Start,0
4730161,C19863$@DOM1,C19863,P7,Start,0
4730161,C19863$@DOM1,C19863,P8,Start,0
4730161,C19961$@DOM1,C19961,P7,Start,0
4730161,C19961$@DOM1,C19961,P8,Start,0
4730161,C20183$@DOM1,C20183,P14,Start,0
4730161,C21273$@DOM1,C21273,P8,Start,0
4730161,C21273$@DOM1,C21273,P96,Start,0
4730161,C2151$@DOM1,C2151,P7,Start,0
4730161,C2151$@DOM1,C2151,P8,Start,0
4730161,C21545$@DOM1,C21545,P96,Start,0
4730161,C2257$@DOM1,C2257,P7,Start,0
4730161,C227$@DOM1,C227,P11,Start,0
4730161,C227$@DOM1,C227,P5,Start,0
4730161,C2363$@DOM1,C2363,P16,End,0
4730161,C24017$@DOM1,C24017,P5,Start,0
4730161,C24017$@DOM1,C24017,P7,Start,0
4730161,C24017$@DOM1,C24017,P8,Start,0
4730161,C24322$@DOM1,C24322,P265,Start,0
4730161,C24414$@DOM1,C24414,P5,Start,0
4730161,C24414$@DOM1,C24414,P7,Start,0
4730161,C24414$@DOM1,C24414,P8,Start,0
4730161,C24699$@DOM1,C24699,P8,Start,0
4730161,C26055$@DOM1,C26055,P5,Start,0
4730161,C26055$@DOM1,C26055,P7,Start,0
4730161,C26055$@DOM1,C26055,P8,Start,0
4730161,C263$@DOM1,C263,P25,Start,0
4730161,C263$@DOM1,C263,P5,Start,0
4730161,C273$@DOM1,C273,P16,Start,0
4730161,C300$@DOM1,C300,P16,Start,0
4730161,C300$@DOM1,C300,P750,Start,1
4730161,C3199$@DOM1,C3199,P16,End,0
4730161,C350$@DOM1,C350,P16,Start,0
4730161,C370$@DOM1,C370,P5,Start,0
4730161,C370$@DOM1,C370,P7,Start,0
4730161,C370$@DOM1,C370,P8,Start,0
4730161,C3928$@DOM1,C3928,P8,Start,0
4730161,C456$@DOM1,C456,P16,End,0
4730161,C4580$@DOM1,C4580,P3732,Start,0
4730161,C49$@DOM1,C49,P16,Start,0
4730161,C523$@DOM1,C523,P25,Start,0
4730161,C523$@DOM1,C523,P5,Start,0
4730161,C553$@DOM1,C553,P25,End,0
4730161,C553$@DOM1,C553,P25,Start,0
4730161,C553$@DOM1,C553,P5,End,0
4730161,C553$@DOM1,C553,P5,Start,0
4730161,C5576$@DOM1,C5576,P5,Start,0
4730161,C5576$@DOM1,C5576,P7,Start,0
4730161,C5576$@DOM1,C5576,P8,Start,0
4730161,C6165$@DOM1,C6165,P8,Start,0
4730161,C6462$@DOM1,C6462,P96,Start,0
4730161,C6659$@DOM1,C6659,P5,Start,0
4730161,C6659$@DOM1,C6659,P7,Start,0
4730161,C6659$@DOM1,C6659,P8,Start,0
4730161,C6806$@DOM1,C6806,P5,Start,0
4730161,C6806$@DOM1,C6806,P7,Start,0
4730161,C6806$@DOM1,C6806,P8,Start,0
4730161,C6897$@DOM1,C6897,P16,End,0
4730161,C7032$@DOM1,C7032,P5,Start,0
4730161,C7032$@DOM1,C7032,P7,Start,0
4730161,C7032$@DOM1,C7032,P8,Start,0
4730161,C7097$@DOM1,C7097,P8,Start,0
4730161,C7270$@DOM1,C7270,P5,Start,0
4730161,C7270$@DOM1,C7270,P7,Start,0
4730161,C7388$@DOM1,C7388,P8,Start,0
4730161,C7388$@DOM1,C7388,P96,Start,0
4730161,C740$@DOM1,C740,P16,Start,0
4730161,C7620$@DOM1,C7620,P80,Start,0
4730161,C7637$@DOM1,C7637,P8,Start,0
4730161,C8196$@DOM1,C8196,P8,Start,0
4730161,C82$@DOM1,C82,P16,Start,0
4730161,C8287$@DOM1,C8287,P8,Start,0
4730161,C8585$@DOM1,C8585,P16,Start,0
4730161,C9418$@DOM1,C9418,P16,End,0
4730161,C976$@DOM1,C976,P13,Start,0
4730161,C976$@DOM1,C976,P14,Start,0
4730161,LOCAL SERVICE@C1139,C1139,P17,End,0
4730161,LOCAL SERVICE@C1139,C1139,P17,Start,0
4730161,LOCAL SERVICE@C1139,C1139,P5,End,0
4730161,LOCAL SERVICE@C12747,C12747,P90,Start,0
4730161,LOCAL SERVICE@C13945,C13945,P9,End,0
4730161,LOCAL SERVICE@C1611,C1611,P22,End,0
4730161,LOCAL SERVICE@C1611,C1611,P22,Start,0
4730161,LOCAL SERVICE@C1611,C1611,P5,End,0
4730161,U1096@DOM1,C3734,P80,Start,0
4730161,U1216@DOM1,C12880,P80,Start,0
4730161,U1235@DOM1,C17788,P183,Start,0
4730161,U1935@DOM1,C6039,P80,Start,0
4730161,U1977@DOM1,C6139,P80,Start,0
4730161,U2037@DOM1,C6223,P80,Start,0
4730161,U2088@DOM1,C6257,P80,Start,0
4730161,U209@DOM1,C1117,P80,Start,0
4730161,U215@DOM1,C260,P80,Start,0
4730161,U223@DOM1,C2434,P80,Start,0
4730161,U2288@DOM1,C6756,P80,Start,0
4730161,U3175@DOM1,C502,P80,Start,0
4730161,U4168@DOM1,C10364,P80,Start,0
4730161,U4419@DOM1,C11042,P80,Start,0
4730161,U4657@DOM1,C8970,P80,Start,0
4730161,U4866@DOM1,C11719,P80,Start,0
4730161,U5183@DOM1,C12230,P80,Start,0
4730161,U5990@DOM1,C32,P130,Start,0
4730161,U6304@DOM1,C24274,P80,Start,0
4730161,U67@C1933,C1933,P59,End,0
4730161,U67@C1933,C1933,P59,Start,0
4730161,U7424@DOM1,C16214,P80,Start,0
4730161,U7463@DOM1,C16291,P80,Start,0
4730161,U8062@DOM1,C17418,P96,Start,0
4730161,U8271@DOM1,C17796,P80,Start,0
4730161,U8864@DOM1,C18848,P80,Start,0
4730161,U9456@DOM1,C19938,P80,Start,0
4730162,C1008$@DOM1,C1008,P7,Start,0
4730162,C1008$@DOM1,C1008,P8,Start,0
4730162,C101$@DOM1,C101,P25,End,0
4730162,C101$@DOM1,C101,P25,Start,0
4730162,C101$@DOM1,C101,P5,End,0
4730162,C101$@DOM1,C101,P5,Start,0
4730162,C10109$@DOM1,C10109,P5,Start,0
4730162,C10109$@DOM1,C10109,P7,Start,0
4730162,C10109$@DOM1,C10109,P8,Start,0
4730162,C10317$@DOM1,C10317,P5,Start,0
4730162,C10317$@DOM1,C10317,P7,Start,0
4730162,C10518$@DOM1,C10518,P5,Start,0
4730162,C10518$@DOM1,C10518,P7,Start,0
4730162,C10518$@DOM1,C10518,P8,Start,0
4730162,C10599$@DOM1,C10599,P19,Start,0
4730162,C10741$@DOM1,C10741,P16,Start,0
4742030,U817@DOM1,C5496,P176,End,0
4742031,C10484$@DOM1,C10484,P176,Start,0
4742031,C10572$@DOM1,C10572,P16,Start,0
4742031,C11202$@DOM1,C11202,P5,End,0
4742031,C11202$@DOM1,C11202,P5,Start,0
4742031,C1180$@DOM1,C1180,P16,Start,0
4742031,C1200$@DOM1,C1200,P100,Start,0
4742031,C1200$@DOM1,C1200,P21,Start,0
4742031,C1200$@DOM1,C1200,P5,Start,0
4742031,C1200$@DOM1,C1200,P99,Start,0
4742031,C12006$@DOM1,C12006,P47,Start,0
4742031,C12156$@DOM1,C12156,P16,Start,0
4742031,C124$@DOM1,C124,P25,Start,0
4742031,C124$@DOM1,C124,P5,Start,0
4742031,C12670$@DOM1,C12670,P5,Start,0
4742031,C1284$@DOM1,C1284,P10,Start,0
4742031,C12897$@DOM1,C12897,P176,Start,0
4742031,C12992$@DOM1,C12992,P13,Start,0
4742031,C12992$@DOM1,C12992,P14,Start,0
4742031,C13148$@DOM1,C13148,P16,Start,0
4742031,C140$@DOM1,C140,P16,Start,0
4742031,C14309$@DOM1,C14309,P10,Start,0
4742031,C146$@DOM1,C146,P47,Start,0
4742031,C1475$@DOM1,C1475,P16,Start,0
4742031,C1567$@DOM1,C1567,P9,Start,0
4742031,C1624$@DOM1,C1624,P50,End,0
4742031,C1624$@DOM1,C1624,P50,Start,0
4742031,C16835$@DOM1,C16835,P16,Start,0
4742031,C16991$@DOM1,C16991,P16,Start,0
4742031,C18403$@DOM1,C18403,P16,Start,0
4742031,C18900$@DOM1,C18900,P10,Start,0
4742031,C19711$@DOM1,C19711,P19,Start,0
4742031,C19983$@DOM1,C19983,P16,End,0
4742031,C20325$@DOM1,C20325,P16,Start,0
4742031,C2039$@DOM1,C2039,P156,Start,0
4742031,C2039$@DOM1,C2039,P167,End,0
4742031,C20960$@DOM1,C20960,P16,Start,0
4742031,C2125$@DOM1,C2125,P21,Start,0
4742031,C223$@DOM1,C223,P5,End,0
4742031,C223$@DOM1,C223,P5,Start,0
4742031,C223$@DOM1,C223,P886,Start,0
4742031,C223$@DOM1,C223,P887,End,0
4742031,C223$@DOM1,C223,P887,Start,0
4742031,C236$@DOM1,C236,P12,Start,0
4742031,C236$@DOM1,C236,P5,Start,0
4742031,C25103$@DOM1,C25103,P16,Start,0
4742031,C2626$@DOM1,C2626,P134,Start,0
4742031,C2626$@DOM1,C2626,P151,End,0
4742031,C2626$@DOM1,C2626,P151,Start,0
4742031,C2626$@DOM1,C2626,P266,Start,0
4742031,C2626$@DOM1,C2626,P4,Start,0
4742031,C2626$@DOM1,C2626,P886,End,0
4742031,C2626$@DOM1,C2626,P886,Start,0
4742031,C2626$@DOM1,C2626,P887,End,0
4742031,C2626$@DOM1,C2626,P887,Start,0
4742031,C284$@DOM1,C284,P25,Start,0
4742031,C4378$@DOM1,C4378,P47,End,0
4742031,C5476$@DOM1,C5476,P176,Start,0
4742031,C584$@DOM1,C584,P19,Start,0
4742031,C596$@DOM1,C596,P16,Start,0
4742031,C7030$@DOM1,C7030,P59,Start,0
4742031,C300$@DOM1,C300,P750,End,2
4742031,C802$@DOM1,C802,P59,Start,0
4742031,C815$@DOM1,C815,P30,End,0
4742031,C815$@DOM1,C815,P30,Start,0
4742031,C838$@DOM1,C838,P10,Start,0
4742031,C865$@DOM1,C865,P16,Start,0
4742031,C8721$@DOM1,C8721,P16,Start,0
4742031,C9389$@DOM1,C9389,P5,Start,0
4742031,C942$@DOM1,C942,P16,Start,0
4742031,C982$@DOM1,C982,P16,Start,0
4742031,LOCAL SERVICE@C14433,C14433,P10,End,0
4742031,U10899@DOM3,C3421,P25,End,0
4742031,U10899@DOM3,C3421,P5,End,0
4742031,U2934@DOM1,C7889,P34,Start,0
4742031,U32@DOM1,C815,P28,End,0
4742031,U32@DOM1,C815,P29,End,0
4742031,U32@DOM1,C815,P29,Start,0
4742031,U3665@DOM1,C9389,P984,Start,0
4742031,U3805@DOM1,C9818,P34,Start,0
4742031,U4462@DOM1,C14284,P130,Start,0
4742031,U461@DOM1,C2039,P10,End,0
4742031,U461@DOM1,C2039,P1000,End,0
4742031,U461@DOM1,C2039,P159,End,0
4742031,U461@DOM1,C2039,P161,End,0
4742031,U461@DOM1,C2039,P165,End,0
4742031,U461@DOM1,C2039,P168,End,0
4742031,U461@DOM1,C2039,P211,End,0
4742031,U461@DOM1,C2039,P237,End,0
4742031,U461@DOM1,C2039,P3153,End,0
4742031,U461@DOM1,C2039,P4866,End,0
4742031,U461@DOM1,C2039,P560,End,0
4742031,U461@DOM1,C2039,P750,End,0
4742031,U461@DOM1,C2039,P780,End,0
4742031,U5356@DOM1,C12670,P501,Start,0
4742032,C1031$@DOM1,C1031,P16,Start,0
4742032,C1042$@DOM1,C1042,P5,Start,0
4742032,C1070$@DOM1,C1070,P10,Start,0
4742032,C10764$@DOM1,C10764,P19,Start,0
4742032,C108$@DOM1,C108,P16,End,0
4742032,C10953$@DOM1,C10953,P10,Start,0
4742032,C11545$@DOM1,C11545,P10,Start,0
4742032,C11675$@DOM1,C11675,P16,Start,0
4742032,C11870$@DOM1,C11870,P4,Start,0
4742032,C11940$@DOM1,C11940,P21,Start,0
4742032,C11940$@DOM1,C11940,P86,Start,0
4742032,C1256$@DOM1,C1256,P16,Start,0
4742032,C12829$@DOM1,C12829,P59,Start,0
4742032,C12900$@DOM1,C12900,P1123,Start,0
4742032,C13384$@DOM1,C13384,P25,Start,0
4742032,C13384$@DOM1,C13384,P5,Start,0
4742032,C13551$@DOM1,C13551,P16,Start,0
4742032,C13881$@DOM1,C13881,P16,Start,0
4742032,C1424$@DOM1,C1424,P16,Start,0
4742032,C14431$@DOM1,C14431,P16,Start,0
4742032,C14494$@DOM1,C14494,P16,Start,0
4742032,C1524$@DOM1,C1524,P16,Start,0
4811774,C9142$@DOM1,C9142,P14,Start,0
4811774,C9537$@DOM1,C9537,P16,Start,0
4811774,LOCAL SERVICE@C12943,C12943,P90,End,0
4811774,LOCAL SERVICE@C17422,C17422,P90,Start,0
4811774,LOCAL SERVICE@C18706,C18706,P90,Start,0
4811774,LOCAL SERVICE@C20800,C20800,P9,End,0
4811774,LOCAL SERVICE@C2103,C2103,P17,End,0
4811774,LOCAL SERVICE@C2103,C2103,P17,Start,0
4811774,LOCAL SERVICE@C2103,C2103,P5,End,0
4811774,U1231@DOM1,C14302,P16,End,0
4811774,U2663@DOM1,C7493,P51,Start,0
4811774,U3451@DOM1,C9093,P34,Start,0
4811774,U3684@DOM1,C9537,P560,Start,0
4811774,U3684@DOM1,C9537,P734,Start,0
4811774,U3684@DOM1,C9537,P793,Start,0
4811774,U4042@DOM1,C10245,P339,Start,0
4811774,U4385@DOM1,C11006,P34,Start,0
4811774,U5535@DOM1,C13007,P11320,Start,0
4811774,U6461@DOM1,C17552,P152,Start,0
4811774,U6605@DOM1,C1175,P23,Start,0
4811774,U6820@DOM1,C15082,P415,Start,0
4811774,U7384@DOM1,C24980,P22859,End,0
4811774,U9478@DOM1,C19990,P16,End,0
4811775,C1041$@DOM1,C1041,P59,Start,0
4811775,C10478$@DOM1,C10478,P13,Start,0
4811775,C10478$@DOM1,C10478,P14,Start,0
4811775,C11202$@DOM1,C11202,P126,End,0
4811775,C11202$@DOM1,C11202,P156,Start,0
4811775,C11290$@DOM1,C11290,P16,Start,0
4811775,C11663$@DOM1,C11663,P16,Start,0
4811775,C11675$@DOM1,C11675,P16,Start,0
4811775,C12670$@DOM1,C12670,P5,Start,0
4811775,C1268$@DOM1,C1268,P47,Start,0
4811775,C1268$@DOM1,C1268,P777,Start,1
4811775,C1284$@DOM1,C1284,P16,Start,0
4811775,C12927$@DOM1,C12927,P131,Start,0
4811775,C1302$@DOM1,C1302,P19,End,0
4811775,C13124$@DOM1,C13124,P13,Start,0
4811775,C13124$@DOM1,C13124,P14,Start,0
4811775,C1313$@DOM1,C1313,P19,Start,0
4811775,C13890$@DOM1,C13890,P13,Start,0
4811775,C14649$@DOM1,C14649,P280,Start,0
4811775,C14856$@DOM1,C14856,P16,Start,0
4811775,C1547$@DOM1,C1547,P13,Start,0
4811775,C1558$@DOM1,C1558,P16,Start,0
4811775,C16820$@DOM1,C16820,P265,Start,0
4811775,C183$@DOM1,C183,P13,Start,0
4811775,C183$@DOM1,C183,P14,Start,0
4811775,C1847$@DOM1,C1847,P25,Start,0
4811775,C18716$@DOM1,C18716,P16,Start,0
4811775,C18810$@DOM1,C18810,P16,Start,0
4811775,C18912$@DOM1,C18912,P13,Start,0
4811775,C18998$@DOM1,C18998,P13,Start,0
4811775,C18998$@DOM1,C18998,P14,Start,0
4811775,C19027$@DOM1,C19027,P59,Start,0
4811775,C1993$@DOM1,C1993,P5,Start,0
4811775,C20301$@DOM1,C20301,P14,Start,0
4811775,C20481$@DOM1,C20481,P1123,Start,0
4811775,C20481$@DOM1,C20481,P3732,Start,0
4811775,C2148$@DOM1,C2148,P21,End,0
4811775,C2148$@DOM1,C2148,P21,Start,0
4811775,C2148$@DOM1,C2148,P50,End,0
4811775,C2148$@DOM1,C2148,P50,Start,0
4811775,C2148$@DOM1,C2148,P86,End,0
4811775,C2148$@DOM1,C2148,P86,Start,0
4811775,C2150$@DOM1,C2150,P59,End,0
4811775,C2150$@DOM1,C2150,P59,Start,0
4811775,C22926$@DOM1,C22926,P16,Start,0
4811775,C23350$@DOM1,C23350,P16,Start,0
4811775,C24221$@DOM4,C24221,P16,End,0
4811775,C24795$@DOM1,C24795,P16,End,0
4811775,C24874$@DOM1,C24874,P265,Start,0
4811775,C25433$@DOM1,C25433,P16,Start,0
4811775,C256$@DOM1,C256,P13,Start,0
4811775,C256$@DOM1,C256,P14,Start,0
4811775,C2710$@DOM1,C2710,P1123,Start,0
4811775,C2710$@DOM1,C2710,P3732,Start,0
4811775,C3156$@DOM1,C3156,P95,Start,0
4811775,C339$@DOM1,C339,P16,Start,0
4811775,C34$@DOM1,C34,P16,Start,0
4811775,C3459$@DOM1,C3459,P16,Start,0
4811775,C444$@DOM1,C444,P21,Start,0
4811775,C4580$@DOM1,C4580,P1123,Start,0
4811775,C523$@DOM1,C523,P25,End,0
4811775,C523$@DOM1,C523,P5,End,0
4811775,C6314$@DOM1,C6314,P16,Start,0
4811775,C673$@DOM1,C673,P16,Start,0
4811775,C712$@DOM1,C712,P16,Start,0
4811775,C7946$@DOM1,C7946,P16,Start,0
4811775,C880$@DOM1,C880,P16,Start,0
4811775,C972$@DOM1,C972,P59,End,0
4811775,C972$@DOM1,C972,P59,Start,0
4811775,C9829$@DOM1,C9829,P21,End,0
4811775,C9829$@DOM1,C9829,P263,Start,0
4811775,C9829$@DOM1,C9829,P537,End,0
4811775,C9829$@DOM1,C9829,P537,Start,0
4811775,C9945$@DOM1,C9945,P48,Start,0
4811775,LOCAL SERVICE@C1993,C1993,P18,End,0
4811775,LOCAL SERVICE@C1993,C1993,P18,Start,0
4811775,LOCAL SERVICE@C1993,C1993,P5,End,0
4811775,U1018@C895,C895,P130,Start,0
4811775,U1382@DOM1,C3156,P95,End,0
4811775,U138@DOM1,C2084,P105,End,0
4811775,U163@DOM1,C537,P292,Start,0
4811775,U214@DOM1,C3156,P95,End,0
4811775,U2654@DOM1,C79,P11320,Start,0
4811775,U3737@DOM1,C3070,P165,End,0
4811775,U3737@DOM1,C3070,P168,End,0
4811775,U3737@DOM1,C3070,P211,End,0
4811775,U3737@DOM1,C3070,P731,End,0
4811775,U4468@DOM1,C11202,P125,End,0
4811775,U4468@DOM1,C11202,P4866,End,0
4811775,U5356@DOM1,C12670,P501,Start,0
4811775,U5712@DOM1,C3156,P95,End,0
4811775,U5762@DOM1,C13401,P130,Start,0
4811775,U6000@DOM1,C3156,P95,End,0
4811775,U6165@DOM1,C14076,P152,Start,0
4811775,U6709@DOM1,C15045,P6746,Start,0
4811775,U6709@DOM1,C15045,P88,Start,0
4811775,U6841@DOM1,C15257,P11320,End,0
4811775,U6841@DOM1,C15257,P152,End,0
4811775,U6841@DOM1,C15257,P153,End,0
4811775,U6842@DOM1,C15262,P130,Start,0
4811775,U9011@DOM1,C18988,P107,Start,0
4811775,U9322@DOM1,C19398,P258,Start,0
4811776,C1035$@DOM1,C1035,P16,Start,0
4811776,C10605$@DOM1,C10605,P19,Start,0
4811776,C10605$@DOM1,C10605,P23,End,0
4811776,C10605$@DOM1,C10605,P23,Start,0
4811776,C10605$@DOM1,C10605,P24,End,0
4811776,C10605$@DOM1,C10605,P24,Start,0
4811776,C10605$@DOM1,C10605,P83,Start,0
4811776,C1069$@DOM1,C1069,P5,Start,0
4811776,C108$@DOM1,C108,P265,End,0
4811776,C108$@DOM1,C108,P265,Start,0
4811776,C10974$@DOM1,C10974,P16,Start,0
4811776,C1116$@DOM1,C1116,P25,Start,0
4811776,C1116$@DOM1,C1116,P5,Start,0
4811776,C11358$@DOM1,C11358,P13,Start,0
4811776,C11358$@DOM1,C11358,P14,Start,0
4811776,C11679$@DOM1,C11679,P16,Start,0
4811776,C1175$@DOM1,C1175,P5,Start,0
4811776,C1228$@DOM1,C1228,P13,Start,0
4811776,C1228$@DOM1,C1228,P14,Start,0
4811776,C12726$@DOM1,C12726,P16,Start,0
4811776,C12900$@DOM1,C12900,P1123,Start,0
4827523,U9052@DOM1,C19225,P13,End,0
4827524,C1041$@DOM1,C1041,P59,Start,0
4827524,C11420$@DOM1,C11420,P16,Start,0
4827524,C11912$@DOM1,C11912,P16,Start,0
4827524,C12168$@DOM1,C12168,P19,Start,0
4827524,C12900$@DOM1,C12900,P3732,Start,0
4827524,C15049$@DOM1,C15049,P16,Start,0
4827524,C15580$@DOM1,C15580,P16,Start,0
4827524,C15597$@DOM1,C15597,P16,Start,0
4827524,C1623$@DOM1,C1623,P16,Start,0
4827524,C16354$@DOM1,C16354,P25,Start,0
4827524,C16698$@DOM1,C16698,P16,Start,0
4827524,C187$@DOM1,C187,P16,Start,0
4827524,C19231$@DOM1,C19231,P118,Start,0
4827524,C19741$@DOM1,C19741,P118,Start,0
4827524,C20851$@DOM1,C20851,P16,Start,0
4827524,C2148$@DOM1,C2148,P54,Start,0
4827524,C22462$@DOM1,C22462,P16,Start,0
4827524,C236$@DOM1,C236,P103,Start,0
4827524,C236$@DOM1,C236,P12,Start,0
4827524,C236$@DOM1,C236,P5,Start,0
4827524,C25531$@DOM1,C25531,P1123,Start,0
4827524,C25531$@DOM1,C25531,P115,Start,0
4827524,C1268$@DOM1,C1268,P777,End,2
4827524,C3283$@DOM1,C3283,P16,Start,0
4827524,C5030$@DOM1,C5030,P100,End,0
4827524,C5030$@DOM1,C5030,P100,Start,0
4827524,C5030$@DOM1,C5030,P21,End,0
4827524,C5030$@DOM1,C5030,P21,Start,0
4827524,C5030$@DOM1,C5030,P5,End,0
4827524,C5030$@DOM1,C5030,P99,End,0
4827524,C5693$@DOM1,C5693,P16,Start,0
4827524,C802$@DOM1,C802,P59,Start,0
4827524,C8198$@DOM1,C8198,P19,Start,0
4827524,C926$@DOM1,C926,P25,End,0
4827524,C926$@DOM1,C926,P25,Start,0
4827524,C926$@DOM1,C926,P5,End,0
4827524,C926$@DOM1,C926,P5,Start,0
4827524,C989$@DOM1,C989,P16,Start,0
4827524,U11@DOM1,C318,P34,End,0
4827524,U11@DOM1,C318,P34,Start,0
4827524,U67@C1723,C1723,P59,End,0
4827524,U67@C1723,C1723,P59,Start,0
4827525,C1052$@DOM1,C1052,P16,Start,0
4827525,C11567$@DOM1,C11567,P19,Start,0
4827525,C12019$@DOM1,C12019,P52,Start,0
4827525,C12670$@DOM1,C12670,P5,Start,0
4827525,C12964$@DOM1,C12964,P16,Start,0
4827525,C14356$@DOM1,C14356,P16,Start,0
4827525,C1502$@DOM1,C1502,P91,Start,0
4827525,C1553$@DOM1,C1553,P16,Start,0
4827525,C15696$@DOM1,C15696,P16,Start,0
4827525,C1625$@DOM1,C1625,P9,End,0
4827525,C1625$@DOM1,C1625,P9,Start,0
4827525,C1685$@DOM1,C1685,P100,End,0
4827525,C1685$@DOM1,C1685,P100,Start,0
4827525,C1685$@DOM1,C1685,P21,End,0
4827525,C1685$@DOM1,C1685,P21,Start,0
4827525,C1685$@DOM1,C1685,P5,Start,0
4827525,C1685$@DOM1,C1685,P99,Start,0
4827525,C1712$@DOM1,C1712,P25,Start,0
4827525,C1712$@DOM1,C1712,P5,Start,0
4827525,C18401$@DOM1,C18401,P16,Start,0
4827525,C19954$@DOM1,C19954,P25,Start,0
4827525,C19954$@DOM1,C19954,P5,Start,0
4827525,C20197$@DOM1,C20197,P16,Start,0
4827525,C20481$@DOM1,C20481,P1123,Start,0
4827525,C20481$@DOM1,C20481,P3732,Start,0
4827525,C22210$@DOM1,C22210,P25,Start,0
4827525,C22210$@DOM1,C22210,P5,Start,0
4827525,C22381$@DOM1,C22381,P16,Start,0
4827525,C24003$@DOM1,C24003,P16,Start,0
4827525,C2536$@DOM1,C2536,P16,Start,0
4827525,C25531$@DOM1,C25531,P118,Start,0
4827525,C26889$@DOM1,C26889,P44,Start,0
4827525,C2710$@DOM1,C2710,P1123,Start,0
4827525,C2710$@DOM1,C2710,P3732,Start,0
4827525,C3324$@DOM1,C3324,P16,Start,0
4827525,C3602$@DOM1,C3602,P47,Start,0
4827525,C3839$@DOM1,C3839,P25,Start,0
4827525,C3839$@DOM1,C3839,P5,Start,0
4827525,C444$@DOM1,C444,P21,Start,0
4827525,C449$@DOM1,C449,P5,Start,0
4827525,C4580$@DOM1,C4580,P3732,Start,0
4827525,C5147$@DOM1,C5147,P16,End,0
4827525,C5999$@DOM1,C5999,P16,Start,0
4827525,C6001$@DOM1,C6001,P16,Start,0
4827525,C6035$@DOM1,C6035,P16,Start,0
4827525,C621$@DOM1,C621,P21,End,0
4827525,C621$@DOM1,C621,P21,Start,0
4827525,C621$@DOM1,C621,P66,End,0
4827525,C621$@DOM1,C621,P66,Start,0
4827525,C6257$@DOM1,C6257,P16,Start,0
4827525,C6503$@DOM1,C6503,P16,Start,0
4827525,C67$@DOM1,C67,P13,Start,0
4827525,C67$@DOM1,C67,P14,Start,0
4827525,C6897$@DOM1,C6897,P16,Start,0
4827525,C7131$@DOM1,C7131,P16,Start,0
4827525,C7308$@DOM1,C7308,P91,Start,0
4827525,C742$@DOM1,C742,P5,Start,0
4827525,C7503$@DOM1,C7503,P16,Start,0
4827525,C988$@DOM1,C988,P25,End,0
4827525,C988$@DOM1,C988,P25,Start,0
4827525,C988$@DOM1,C988,P5,End,0
4827525,C988$@DOM1,C988,P5,Start,0
4827525,LOCAL SERVICE@C742,C742,P22,End,0
4827525,LOCAL SERVICE@C742,C742,P22,Start,0
4827525,LOCAL SERVICE@C742,C742,P5,End,0
4827525,U163@DOM1,C537,P34,Start,0
4827525,U2358@DOM1,C6797,P34,Start,0
4827525,U3882@DOM1,C9799,P34,Start,0
4827525,U461@DOM1,C1089,P56,End,0
4827525,U461@DOM1,C1089,P56,Start,0
4827525,U5356@DOM1,C12670,P501,Start,0
4827525,U7@DOM1,C449,P23,End,0
4827525,U7@DOM1,C449,P23,Start,0
4827525,U7@DOM1,C449,P24,End,0
4827525,U7@DOM1,C449,P24,Start,0
4827525,U7@DOM1,C449,P5,End,0
4827525,U8053@DOM1,C17410,P34,Start,0
4827526,C1042$@DOM1,C1042,P5,Start,0
4827526,C10929$@DOM1,C10929,P16,Start,0
4827526,C10997$@DOM1,C10997,P16,Start,0
4827526,C1119$@DOM1,C1119,P13,Start,0
4827526,C1119$@DOM1,C1119,P14,Start,0
4827526,C11227$@DOM1,C11227,P16,Start,0
4827526,C11501$@DOM1,C11501,P5,Start,0
4827526,C12837$@DOM1,C12837,P782,Start,0
4827526,C12900$@DOM1,C12900,P1123,Start,0
4827526,C12900$@DOM1,C12900,P3732,Start,0
4827526,C13266$@DOM1,C13266,P16,Start,0
4827526,C13505$@DOM1,C13505,P16,Start,0
4827526,C13894$@DOM1,C13894,P16,Start,0
4827526,C15335$@DOM1,C15335,P19,Start,0
4881601,C161$@DOM1,C161,P8,Start,0
4881601,C16182$@DOM1,C16182,P16,Start,0
4881601,C16234$@DOM1,C16234,P16,Start,0
4881601,C16234$@DOM1,C16234,P8,Start,0
4881601,C16295$@DOM1,C16295,P8,Start,0
4881601,C16414$@DOM1,C16414,P16,Start,0
4881601,C16469$@DOM1,C16469,P118,Start,0
4881601,C1654$@DOM1,C1654,P21,Start,0
4881601,C16654$@DOM1,C16654,P5,Start,0
4881601,C16654$@DOM1,C16654,P7,Start,0
4881601,C16654$@DOM1,C16654,P8,Start,0
4881601,C16715$@DOM1,C16715,P13,Start,0
4881601,C16715$@DOM1,C16715,P14,Start,0
4881601,C16762$@DOM1,C16762,P83,Start,0
4881601,C16828$@DOM1,C16828,P16,Start,0
4881601,C1685$@DOM1,C1685,P5,End,0
4881601,C1685$@DOM1,C1685,P63,End,0
4881601,C16907$@DOM1,C16907,P80,Start,0
4881601,C16991$@DOM1,C16991,P5,Start,0
4881601,C16991$@DOM1,C16991,P7,Start,0
4881601,C16991$@DOM1,C16991,P8,Start,0
4881601,C17066$@DOM1,C17066,P16,Start,0
4881601,C1707$@DOM1,C1707,P60,End,0
4881601,C1707$@DOM1,C1707,P60,Start,0
4881601,C1707$@DOM1,C1707,P63,Start,0
4881601,C171$@DOM1,C171,P5,Start,0
4881601,C171$@DOM1,C171,P7,Start,0
4881601,C171$@DOM1,C171,P8,Start,0
4881601,C1713$@DOM1,C1713,P25,Start,0
4881601,C1737$@DOM1,C1737,P25,End,0
4881601,C1737$@DOM1,C1737,P25,Start,0
4881601,C1737$@DOM1,C1737,P5,End,0
4881601,C1737$@DOM1,C1737,P5,Start,0
4881601,C1745$@DOM1,C1745,P65,Start,0
4881601,C1750$@DOM1,C1750,P25,Start,0
4881601,C17605$@DOM1,C17605,P7,Start,0
4881601,C17605$@DOM1,C17605,P8,Start,0
4881601,C17605$@DOM1,C17605,P96,Start,0
4881601,C17821$@DOM1,C17821,P8,Start,0
4881601,C17911$@DOM1,C17911,P16,Start,0
4881601,C18150$@DOM1,C18150,P8,Start,0
4881601,C18186$@DOM1,C18186,P16,Start,0
4881601,C18462$@DOM1,C18462,P16,Start,0
4881601,C1847$@DOM1,C1847,P25,Start,0
4881601,C187$@DOM1,C187,P5,Start,0
4881601,C1893$@DOM1,C1893,P50,Start,0
4881601,C19071$@DOM1,C19071,P7,Start,0
4881601,C19071$@DOM1,C19071,P8,Start,0
4881601,C19195$@DOM1,C19195,P5,Start,0
4881601,C19195$@DOM1,C19195,P7,Start,0
4881601,C19195$@DOM1,C19195,P8,Start,0
4881601,C19532$@DOM1,C19532,P5,Start,0
4881601,C19532$@DOM1,C19532,P7,Start,0
4881601,C19532$@DOM1,C19532,P8,Start,0
4881601,C19628$@DOM1,C19628,P16,Start,0
4881601,C19741$@DOM1,C19741,P4,Start,0
4881601,C19741$@DOM1,C19741,P8,Start,0
4881601,C1992$@DOM1,C1992,P21,Start,0
4881601,C19954$@DOM1,C19954,P16,Start,0
4881601,C20267$@DOM1,C20267,P8,Start,0
4881601,C2039$@DOM1,C2039,P16,Start,0
4881601,C20406$@DOM1,C20406,P16,Start,0
4881601,C20453$@DOM1,C20453,P5,Start,0
4881601,C20453$@DOM1,C20453,P7,Start,0
4881601,C20666$@DOM1,C20666,P9000,Start,1
4881601,C20453$@DOM1,C20453,P8,Start,0
4881601,C20481$@DOM1,C20481,P1123,Start,0
4881601,C20481$@DOM1,C20481,P3732,Start,0
4881601,C20491$@DOM1,C20491,P9,Start,0
4881601,C20563$@DOM1,C20563,P5,Start,0
4881601,C20563$@DOM1,C20563,P7,Start,0
4881601,C20563$@DOM1,C20563,P8,Start,0
4881601,C20835$@DOM1,C20835,P8,Start,0
4881601,C21377$@DOM1,C21377,P265,Start,0
4881601,C21469$@DOM1,C21469,P5,Start,0
4881601,C21469$@DOM1,C21469,P7,Start,0
4881601,C21469$@DOM1,C21469,P8,Start,0
4881601,C21556$@DOM1,C21556,P11,Start,0
4881601,C21556$@DOM1,C21556,P5,Start,0
4881601,C2164$@DOM1,C2164,P7,Start,0
4881601,C2164$@DOM1,C2164,P8,Start,0
4881601,C22301$@DOM1,C22301,P16,Start,0
4881601,C2233$@DOM1,C2233,P25,Start,0
4881601,C22513$@DOM1,C22513,P8,Start,0
4881601,C230$@DOM1,C230,P8,Start,0
4881601,C230$@DOM1,C230,P96,Start,0
4881601,C23156$@DOM1,C23156,P5,Start,0
4881601,C23156$@DOM1,C23156,P7,Start,0
4881601,C23156$@DOM1,C23156,P8,Start,0
4881601,C23571$@DOM1,C23571,P13,Start,0
4881601,C23571$@DOM1,C23571,P14,Start,0
4881601,C236$@DOM1,C236,P12,Start,0
4881601,C236$@DOM1,C236,P5,Start,0
4881601,C24306$@DOM1,C24306,P13,Start,0
4881601,C24306$@DOM1,C24306,P14,Start,0
4881601,C24395$@DOM1,C24395,P265,Start,0
4881601,C24397$@DOM1,C24397,P265,Start,0
4881601,C24970$@DOM1,C24970,P7,Start,0
4881601,C25391$@DOM1,C25391,P118,Start,0
4881601,C25391$@DOM1,C25391,P4012,Start,0
4881601,C2735$@DOM1,C2735,P13,Start,0
4881601,C2746$@DOM1,C2746,P16,End,0
4881601,C2873$@DOM1,C2873,P16,End,0
4881601,C2940$@DOM1,C2940,P9,End,0
4881601,C2940$@DOM1,C2940,P9,Start,0
4881601,C3011$@DOM1,C3011,P5,Start,0
4881601,C3156$@DOM1,C3156,P95,Start,0
4881601,C318$@DOM1,C318,P8,Start,0
4881601,C3206$@DOM1,C3206,P124,Start,0
4881601,C3384$@DOM1,C3384,P8,Start,0
4881601,C346$@DOM1,C346,P1,Start,0
4881601,C346$@DOM1,C346,P3,Start,0
4881601,C346$@DOM1,C346,P495,Start,0
4881601,C346$@DOM1,C346,P5,Start,0
4881601,C346$@DOM1,C346,P8,Start,0
4881601,C3491$@DOM1,C3491,P5,Start,0
4881601,C366$@DOM1,C366,P8,Start,0
4881601,C4010$@DOM1,C4010,P5,End,0
4881601,C4010$@DOM1,C4010,P5,Start,0
4881601,C423$@DOM1,C423,P271,Start,0
4881601,C423$@DOM1,C423,P8,Start,0
4881601,C4653$@DOM1,C4653,P13,End,0
4881601,C553$@DOM1,C553,P25,End,0
4881601,C553$@DOM1,C553,P25,Start,0
4881601,C553$@DOM1,C553,P5,End,0
4881601,C553$@DOM1,C553,P5,Start,0
4881601,C5977$@DOM1,C5977,P16,Start,0
4881601,C626$@DOM1,C626,P25,End,0
4881601,C626$@DOM1,C626,P25,Start,0
4881601,C626$@DOM1,C626,P5,End,0
4881601,C626$@DOM1,C626,P5,Start,0
4881601,C6367$@DOM1,C6367,P16,Start,0
4881601,C6460$@DOM1,C6460,P8,Start,0
4881601,C6546$@DOM1,C6546,P8,Start,0
4881601,C6546$@DOM1,C6546,P96,Start,0
4881601,C67$@DOM1,C67,P7,Start,0
4881601,C67$@DOM1,C67,P8,Start,0
4881601,C6821$@DOM1,C6821,P16,Start,0
4881601,C687$@DOM1,C687,P9,End,0
4881601,C687$@DOM1,C687,P9,Start,0
4881601,C6971$@DOM1,C6971,P16,Start,0
4881601,C7069$@DOM1,C7069,P8,Start,0
4881601,C7093$@DOM1,C7093,P19,Start,0
4881601,C7254$@DOM1,C7254,P8,Start,0
4881601,C727$@DOM1,C727,P8,Start,0
4881601,C7579$@DOM1,C7579,P13,Start,0
4881601,C7579$@DOM1,C7579,P14,Start,0
4881601,C7672$@DOM1,C7672,P5,Start,0
4881601,C7672$@DOM1,C7672,P7,Start,0
4881601,C7672$@DOM1,C7672,P8,Start,0
4881601,C7746$@DOM1,C7746,P241,Start,0
4881601,C7753$@DOM1,C7753,P5,Start,0
4881601,C7753$@DOM1,C7753,P7,Start,0
4881601,C7753$@DOM1,C7753,P8,Start,0
4881601,C7916$@DOM1,C7916,P8,Start,0
4881601,C8080$@DOM1,C8080,P5,Start,0
4881601,C8209$@DOM1,C8209,P13,Start,0
4881601,C831$@DOM1,C831,P8,Start,0
4881601,C8375$@DOM1,C8375,P5,Start,0
4881601,C8375$@DOM1,C8375,P7,Start,0
4881601,C838$@DOM1,C838,P16,Start,0
4881601,C8437$@DOM1,C8437,P8,Start,0
4881601,C8464$@DOM1,C8464,P5,Start,0
4881601,C8464$@DOM1,C8464,P7,Start,0
4881601,C8464$@DOM1,C8464,P8,Start,0
4881601,C8589$@DOM1,C8589,P16,Start,0
4881601,C8609$@DOM1,C8609,P5,Start,0
4881601,C8609$@DOM1,C8609,P7,Start,0
4881601,C8609$@DOM1,C8609,P8,Start,0
4881601,C933$@DOM1,C933,P16,Start,0
4881601,C934$@DOM1,C934,P16,Start,0
4881601,C9683$@DOM1,C9683,P16,Start,0
4881601,C969$@DOM1,C969,P8,Start,0
4881601,C988$@DOM1,C988,P25,End,0
4881601,C988$@DOM1,C988,P25,Start,0
4881601,C988$@DOM1,C988,P5,End,0
4881601,C988$@DOM1,C988,P5,Start,0
4881601,LOCAL SERVICE@C10421,C10421,P90,Start,0
4881601,LOCAL SERVICE@C11472,C11472,P90,Start,0
4881601,LOCAL SERVICE@C13244,C13244,P90,Start,0
4881601,LOCAL SERVICE@C18186,C18186,P90,Start,0
4881601,LOCAL SERVICE@C8342,C8342,P90,End,0
4881601,LOCAL SERVICE@C8342,C8342,P90,Start,0
4881601,LOCAL SERVICE@C8589,C8589,P90,Start,0
4881601,U10612@DOM1,C98,P80,Start,0
4881601,U1195@DOM1,C21152,P2283,Start,0
4881601,U11@DOM1,C318,P96,Start,0
4881601,U1340@DOM1,C8849,P130,Start,0
4881601,U1490@DOM1,C14514,P80,Start,0
4881601,U1700@DOM1,C5818,P80,Start,0
4881601,U1891@DOM1,C5981,P80,Start,0
4881601,U194@DOM1,C187,P21,Start,0
4881601,U194@DOM1,C187,P28,End,0
4881601,U194@DOM1,C187,P28,Start,0
4881601,U194@DOM1,C187,P394,Start,0
4881601,U194@DOM1,C2554,P21,Start,0
4881601,U194@DOM1,C2652,P21,Start,0
4881601,U1993@DOM1,C6181,P80,Start,0
4881601,U2117@DOM1,C6417,P80,Start,0
4881601,U2195@DOM1,C6460,P96,Start,0
4881601,U2390@DOM1,C6922,P80,Start,0
4881601,U2510@DOM1,C6721,P80,Start,0
4881601,U2766@DOM1,C7641,P80,Start,0
4881601,U293@DOM1,C1654,P21,End,0
4881601,U293@DOM1,C1654,P394,End,0
4881601,U293@DOM1,C1654,P394,Start,0
4881601,U3063@DOM1,C8299,P80,Start,0
4881601,U3083@DOM1,C8080,P501,Start,0
4881601,U3093@DOM1,C7908,P80,Start,0
4881601,U322@DOM1,C3326,P35,Start,0
4881601,U3415@DOM1,C8990,P80,Start,0
4881601,U3467@DOM1,C9028,P4,Start,0
4881601,U3502@DOM1,C9250,P80,Start,0
4881601,U3513@DOM1,C16243,P647,Start,0
4881601,U412@DOM1,C1087,P80,Start,0
4881601,U416@DOM1,C11636,P80,Start,0
4881601,U4419@DOM1,C11042,P107,Start,0
4881601,U4451@DOM1,C11187,P80,Start,0
4881601,U4458@DOM1,C4668,P80,Start,0
4881601,U4575@DOM1,C11407,P80,Start,0
4881601,U4795@DOM1,C11761,P80,Start,0
4881601,U4882@DOM1,C11858,P80,Start,0
4881601,U4981@DOM1,C3156,P95,End,0
4881601,U5356@DOM1,C12670,P501,Start,0
4881601,U5570@DOM1,C13128,P53,Start,0
4881601,U5684@DOM1,C1287,P80,Start,0
4881601,U5776@DOM1,C17264,P80,Start,0
4881601,U5956@DOM1,C3011,P21,Start,0
4881601,U5956@DOM1,C3011,P28,End,0
4881601,U5956@DOM1,C3011,P28,Start,0
4881601,U5956@DOM1,C3011,P394,End,0
4881601,U5956@DOM1,C3011,P394,Start,0
4881601,U5956@DOM1,C3011,P648,Start,0
4881601,U5956@DOM1,C3090,P21,Start,0
4881601,U5956@DOM1,C4442,P21,Start,0
4881601,U6000@DOM1,C3156,P95,End,0
4881601,U6023@DOM1,C13851,P11320,Start,0
4881601,U6317@DOM1,C3156,P95,End,0
4881601,U656@C3491,C3491,P20,Start,0
4881601,U7085@DOM1,C18992,P51,Start,0
4881601,U7498@DOM1,C15075,P80,Start,0
4881601,U771@DOM1,C5997,P53,Start,0
4881601,U771@DOM1,C5997,P80,Start,0
4881601,U7726@DOM1,C16806,P34,Start,0
4881601,U80@DOM1,C1538,P80,Start,0
4881601,U8666@DOM1,C22301,P80,Start,0
4881601,U8948@DOM1,C19023,P80,Start,0
4881601,U89@DOM1,C580,P80,Start,0
4881601,U9048@DOM1,C19195,P80,Start,0
4881601,U92@DOM1,C730,P80,Start,0
4881601,U9652@DOM1,C20351,P80,Start,0
4881602,C1006$@DOM1,C1006,P25,End,0
4881602,C1006$@DOM1,C1006,P25,Start,0
4881602,C10114$@DOM1,C10114,P16,Start,0
4881602,C10289$@DOM1,C10289,P16,Start,0
4881602,C10403$@DOM1,C10403,P5,Start,0
4881602,C10403$@DOM1,C10403,P7,Start,0
4881602,C10403$@DOM1,C10403,P8,Start,0
4881602,C10561$@DOM1,C10561,P16,Start,0
4881602,C10925$@DOM1,C10925,P16,Start,0
4881602,C11281$@DOM1,C11281,P7,Start,0
4881602,C11296$@DOM1,C11296,P28,Start,0
4881602,C11296$@DOM1,C11296,P29,Start,0
4881602,C11296$@DOM1,C11296,P5,Start,0
4881602,C11392$@DOM1,C11392,P8,End,0
4881602,C1156$@DOM1,C1156,P8,End,0
4881602,C1161$@DOM1,C1161,P13,Start,0
4881602,C1161$@DOM1,C1161,P14,Start,0
4881602,C11686$@DOM1,C11686,P16,Start,0
4881602,C1172$@DOM1,C1172,P5,Start,0
4881602,C1172$@DOM1,C1172,P7,Start,0
4881602,C1172$@DOM1,C1172,P8,Start,0
4881602,C1185$@DOM1,C1185,P5,Start,0
4881602,C1185$@DOM1,C1185,P7,Start,0
4881602,C1185$@DOM1,C1185,P8,Start,0
4881602,C12194$@DOM1,C12194,P13,Start,0
4881602,C12194$@DOM1,C12194,P14,Start,0
4881602,C12197$@DOM1,C12197,P20,Start,0
4881602,C12197$@DOM1,C12197,P5,Start,0
4881602,C12201$@DOM1,C12201,P5,Start,0
4881602,C12201$@DOM1,C12201,P7,Start,0
4881602,C12201$@DOM1,C12201,P8,Start,0
4881602,C1222$@DOM1,C1222,P8,Start,0
4881602,C12323$@DOM1,C12323,P14,Start,0
4881602,C12900$@DOM1,C12900,P1123,Start,0
4897163,U3056@DOM1,C8327,P153,Start,0
4897163,U3788@DOM1,C9774,P34,Start,0
4897163,U3810@C2614,C2614,P95,End,0
4897163,U3873@DOM1,C9871,P13,End,0
4897163,U4279@DOM1,C10863,P34,Start,0
4897163,U4435@DOM1,C11103,P152,End,0
4897163,U4532@DOM1,C629,P364,End,0
4897163,U4708@DOM1,C11562,P34,Start,0
4897163,U5356@DOM1,C12670,P501,Start,0
4897163,U6709@DOM1,C1089,P4,End,0
4897163,U6709@DOM1,C1089,P4,Start,0
4897163,U7001@DOM1,C20800,P13,End,0
4897163,U8738@DOM1,C10399,P23,Start,0
4897163,U8738@DOM1,C10399,P24,Start,0
4897163,U9598@DOM1,C1179,P34,Start,0
4897163,U9944@DOM1,C840,P34,Start,0
4897164,C1081$@DOM1,C1081,P16,Start,0
4897164,C11437$@DOM1,C11437,P5,Start,0
4897164,C11506$@DOM1,C11506,P25,Start,0
4897164,C11506$@DOM1,C11506,P5,Start,0
4897164,C11609$@DOM1,C11609,P16,Start,0
4897164,C11725$@DOM1,C11725,P13,Start,0
4897164,C11725$@DOM1,C11725,P14,Start,0
4897164,C11936$@DOM1,C11936,P16,Start,0
4897164,C1287$@DOM1,C1287,P13,Start,0
4897164,C1287$@DOM1,C1287,P14,Start,0
4897164,C12900$@DOM1,C12900,P1123,Start,0
4897164,C13$@DOM1,C13,P16,Start,0
4897164,C13119$@DOM1,C13119,P16,Start,0
4897164,C13724$@DOM1,C13724,P156,Start,0
4897164,C13983$@DOM1,C13983,P16,Start,0
4897164,C1417$@DOM1,C1417,P19,Start,0
4897164,C1438$@DOM1,C1438,P16,Start,0
4897164,C15045$@DOM1,C15045,P131,Start,0
4897164,C16345$@DOM1,C16345,P13,Start,0
4897164,C16345$@DOM1,C16345,P14,Start,0
4897164,C16518$@DOM1,C16518,P25,Start,0
4897164,C16580$@DOM1,C16580,P265,Start,0
4897164,C17105$@DOM1,C17105,P13,Start,0
4897164,C17105$@DOM1,C17105,P14,Start,0
4897164,C1718$@DOM1,C1718,P16,Start,0
4897164,C17382$@DOM1,C17382,P25,Start,0
4897164,C17382$@DOM1,C17382,P5,Start,0
4897164,C1775$@DOM1,C1775,P10,Start,0
4897164,C1797$@DOM1,C1797,P19,Start,0
4897164,C18165$@DOM1,C18165,P13,End,0
4897164,C18165$@DOM1,C18165,P14,End,0
4897164,C18765$@DOM1,C18765,P16,Start,0
4897164,C18900$@DOM1,C18900,P25,Start,0
4897164,C18900$@DOM1,C18900,P5,Start,0
4897164,C19132$@DOM1,C19132,P4864,Start,0
4897164,C19132$@DOM1,C19132,P5,Start,0
4897164,C1933$@DOM1,C1933,P21,End,0
4897164,C1933$@DOM1,C1933,P21,Start,0
4897164,C1933$@DOM1,C1933,P244,End,0
4897164,C1933$@DOM1,C1933,P244,Start,0
4897164,C1933$@DOM1,C1933,P269,End,0
4897164,C1933$@DOM1,C1933,P269,Start,0
4897164,C1933$@DOM1,C1933,P56,End,0
4897164,C1933$@DOM1,C1933,P56,Start,0
4897164,C1933$@DOM1,C1933,P58,End,0
4897164,C1933$@DOM1,C1933,P58,Start,0
4897164,C197$@DOM1,C197,P13,Start,0
4897164,C20151$@DOM1,C20151,P16,Start,0
4897164,C20246$@DOM1,C20246,P16,Start,0
4897164,C20481$@DOM1,C20481,P1123,Start,0
4897164,C20481$@DOM1,C20481,P3732,Start,0
4897164,C20624$@DOM1,C20624,P13,Start,0
4897164,C20624$@DOM1,C20624,P14,Start,0
4897164,C20624$@DOM1,C20624,P25,Start,0
4897164,C20624$@DOM1,C20624,P5,Start,0
4897164,C22287$@DOM1,C22287,P785,Start,0
4897164,C2451$@DOM1,C2451,P19,Start,0
4897164,C25391$@DOM1,C25391,P118,Start,0
4897164,C25391$@DOM1,C25391,P4012,Start,0
4897164,C27000$@DOM1,C27000,P265,Start,0
4897164,C3156$@DOM1,C3156,P95,Start,0
4897164,C3591$@DOM1,C3591,P16,Start,0
4897164,C371$@DOM1,C371,P16,Start,0
4897164,C3847$@DOM1,C3847,P25,Start,0
4897164,C3847$@DOM1,C3847,P5,Start,0
4897164,C423$@DOM1,C423,P5,Start,0
4897164,C444$@DOM1,C444,P21,Start,0
4897164,C509$@DOM1,C509,P16,Start,0
4897164,C20666$@DOM1,C20666,P9000,End,2
4897164,C540$@DOM1,C540,P25,End,0
4897164,C540$@DOM1,C540,P25,Start,0
4897164,C5451$@DOM1,C5451,P16,End,0
4897164,C6617$@DOM1,C6617,P25,Start,0
4897164,C6617$@DOM1,C6617,P5,Start,0
4897164,C6685$@DOM1,C6685,P16,Start,0
4897164,C7018$@DOM1,C7018,P16,Start,0
4897164,C7521$@DOM1,C7521,P265,Start,0
4897164,C7722$@DOM1,C7722,P25,Start,0
4897164,C7722$@DOM1,C7722,P5,Start,0
4897164,C8255$@DOM1,C8255,P16,Start,0
4897164,C8400$@DOM1,C8400,P19,Start,0
4897164,C8506$@DOM1,C8506,P16,Start,0
4897164,C8698$@DOM1,C8698,P156,Start,0
4897164,C9256$@DOM1,C9256,P25,Start,0
4897164,C9338$@DOM1,C9338,P4,Start,0
4897164,C9445$@DOM1,C9445,P16,Start,0
4897164,C9599$@DOM1,C9599,P13,Start,0
4897164,C9599$@DOM1,C9599,P14,Start,0
4897164,C9681$@DOM1,C9681,P16,Start,0
4897164,C9747$@DOM1,C9747,P19,Start,0
4897164,C9990$@DOM1,C9990,P267,Start,0
4897164,LOCAL SERVICE@C17943,C17943,P90,Start,0
4897164,LOCAL SERVICE@C17948,C17948,P90,Start,0
4897164,U2267@DOM1,C6719,P28,Start,0
4897164,U2267@DOM1,C6719,P598,Start,0
4897164,U3042@DOM1,C8450,P161,Start,0
4897164,U3805@DOM1,C9818,P34,Start,0
4897164,U652@DOM1,C1344,P34,Start,0
4897164,U67@C1933,C1933,P59,End,0
4897164,U67@C1933,C1933,P59,Start,0
4897164,U7490@DOM1,C16280,P1937,Start,0
4897164,U7779@DOM1,C16850,P130,Start,0
4897164,U7@DOM1,C423,P23,End,0
4897164,U7@DOM1,C423,P23,Start,0
4897164,U7@DOM1,C423,P24,End,0
4897164,U7@DOM1,C423,P24,Start,0
4897164,U7@DOM1,C423,P5,End,0
4897164,U9314@DOM1,C19685,P11320,Start,0
4897164,U9314@DOM1,C19685,P152,Start,0
4897164,U9858@DOM1,C4740,P130,End,0
4897164,U9858@DOM1,C4740,P130,Start,0
4897165,C1068$@DOM1,C1068,P16,Start,0
4897165,C1110$@DOM1,C1110,P14,Start,0
4897165,C11296$@DOM1,C11296,P28,Start,0
4897165,C11296$@DOM1,C11296,P29,Start,0
4897165,C11296$@DOM1,C11296,P5,Start,0
4897165,C12168$@DOM1,C12168,P16,Start,0
4897165,C12670$@DOM1,C12670,P5,Start,0
4897165,C13254$@DOM1,C13254,P16,Start,0
4897165,C13335$@DOM1,C13335,P14,End,0
4897165,C13410$@DOM1,C13410,P16,End,0
4897165,C1457$@DOM1,C1457,P25,Start,0
4897165,C1457$@DOM1,C1457,P5,Start,0
4897165,C1524$@DOM1,C1524,P16,Start,0
4897165,C1532$@DOM1,C1532,P59,Start,0
4897165,C15546$@DOM1,C15546,P16,Start,0
4897165,C1623$@DOM1,C1623,P131,Start,0
4897165,C16469$@DOM1,C16469,P118,Start,0
4897165,C16469$@DOM1,C16469,P4012,Start,0
4897165,C16746$@DOM1,C16746,P16,Start,0
4897165,C17845$@DOM1,C17845,P265,Start,0
4897165,C17915$@DOM1,C17915,P16,Start,0
4897165,C17976$@DOM1,C17976,P9,Start,0
4897165,C185$@DOM1,C185,P137,End,0
4897165,C18531$@DOM1,C18531,P16,Start,0
4897165,C18584$@DOM1,C18584,P16,Start,0
4897165,C19055$@DOM1,C19055,P13,Start,0
4897165,C19136$@DOM1,C19136,P16,Start,0
4897165,C19509$@DOM1,C19509,P16,Start,0
4897165,C19948$@DOM1,C19948,P156,Start,0
4897165,C20453$@DOM1,C20453,P890,Start,0
4897165,C23189$@DOM1,C23189,P16,Start,0
4897165,C233$@DOM1,C233,P16,Start,0
4897165,C24169$@DOM1,C24169,P25,Start,0
4897165,C24169$@DOM1,C24169,P5,Start,0
4897165,C24734$@DOM1,C24734,P16,Start,0
4897165,C25966$@DOM1,C25966,P265,Start,0
4897165,C279$@DOM1,C279,P16,Start,0
4897165,C280$@DOM1,C280,P16,End,0
4897165,C2928$@DOM4,C2928,P16,Start,0
4897165,C3130$@DOM1,C3130,P16,Start,0
4897165,C405$@DOM1,C405,P13,Start,0
4897165,C405$@DOM1,C405,P14,Start,0
4897165,C492$@DOM1,C492,P81,End,0
4897165,C553$@DOM1,C553,P16,Start,0
4897165,C569$@DOM1,C569,P16,Start,0
4897165,C6631$@DOM1,C6631,P13,Start,0
4897165,C6631$@DOM1,C6631,P14,Start,0
4897165,C6653$@DOM1,C6653,P16,Start,0
4897165,C6731$@DOM1,C6731,P16,Start,0
4897165,C7091$@DOM1,C7091,P25,Start,0
4897165,C7091$@DOM1,C7091,P5,Start,0
4897165,C7129$@DOM1,C7129,P13,Start,0
4897165,C7129$@DOM1,C7129,P675,Start,0
4897165,C728$@DOM1,C728,P156,End,0
4897165,C728$@DOM1,C728,P156,Start,0
4897165,C728$@DOM1,C728,P169,Start,0
4897165,C728$@DOM1,C728,P178,End,0
4897165,C728$@DOM1,C728,P179,End,0
4897165,C730$@DOM1,C730,P156,Start,0
4897165,C7546$@DOM1,C7546,P16,Start,0
4897165,C76$@DOM1,C76,P13,Start,0
4897165,C76$@DOM1,C76,P14,Start,0
4897165,C760$@DOM1,C760,P16,Start,0
4897165,C803$@DOM1,C803,P14,Start,0
4897165,C8155$@DOM1,C8155,P131,Start,0
4897165,C8257$@DOM1,C8257,P16,Start,0
4897165,C8450$@DOM1,C8450,P265,Start,0
4897165,C8627$@DOM1,C8627,P16,Start,0
4897165,C8659$@DOM1,C8659,P16,Start,0
4897165,C8917$@DOM1,C8917,P16,Start,0
4897165,C92$@DOM1,C92,P5,Start,0
4897165,C9256$@DOM1,C9256,P5,Start,0
4897165,C948$@DOM1,C948,P16,Start,0
4897165,C961$@DOM1,C961,P16,Start,0
4897165,C9871$@DOM1,C9871,P13,Start,0
4897165,C730$@DOM1,C730,P666,Start,1
4897165,C730$@DOM1,C730,P666,End,2
4897174,C731$@DOM1,C731,P666,Start,1
4897175,C731$@DOM1,C731,P666,End,2
4897205,C732$@DOM1,C732,P666,Start,1
4897206,C732$@DOM1,C732,P666,End,2
4897265,C733$@DOM1,C733,P666,Start,1
4897265,C733$@DOM1,C733,P666,End,2
4897294,C734$@DOM1,C734,P666,Start,1
4897294,C734$@DOM1,C734,P666,End,2
4897305,C735$@DOM1,C735,P666,Start,1
4897305,C735$@DOM1,C735,P666,End,2
4897395,C736$@DOM1,C736,P666,Start,1
4897395,C736$@DOM1,C736,P666,End,2
4897441,C737$@DOM1,C737,P666,Start,1
4897441,C737$@DOM1,C737,P666,End,2
4897459,C738$@DOM1,C738,P666,Start,1
4897459,C738$@DOM1,C738,P666,End,2
4897501,C739$@DOM1,C739,P666,Start,1
4897501,C739$@DOM1,C739,P666,End,2
4897512,C740$@DOM1,C740,P666,Start,1
4897513,C740$@DOM1,C740,P666,End,2
4897517,C741$@DOM1,C741,P666,Start,1
4897518,C741$@DOM1,C741,P666,End,2
4897559,C742$@DOM1,C742,P666,Start,1
4897559,C742$@DOM1,C742,P666,End,2
4897600,C743$@DOM1,C743,P666,Start,1
4897600,C743$@DOM1,C743,P666,End,2
4897628,C744$@DOM1,C744,P666,Start,1
4897628,C744$@DOM1,C744,P666,End,2
4897659,C745$@DOM1,C745,P666,Start,1
4897659,C745$@DOM1,C745,P666,End,2
4897691,C746$@DOM1,C746,P666,Start,1
4897691,C746$@DOM1,C746,P666,End,2
4897734,C747$@DOM1,C747,P666,Start,1
4897734,C747$@DOM1,C747,P666,End,2
4897776,C748$@DOM1,C748,P666,Start,1
4897776,C748$@DOM1,C748,P666,End,2
4897799,C749$@DOM1,C749,P666,Start,1
4897799,C749$@DOM1,C749,P666,End,2
4897821,C750$@DOM1,C750,P666,Start,1
4897821,C750$@DOM1,C750,P666,End,2
4897856,C751$@DOM1,C751,P666,Start,1
4897856,C751$@DOM1,C751,P666,End,2
4897891,C752$@DOM1,C752,P666,Start,1
4897891,C752$@DOM1,C752,P666,End,2
4897902,C753$@DOM1,C753,P666,Start,1
4897902,C753$@DOM1,C753,P666,End,2
4897932,C754$@DOM1,C754,P666,Start,1
4897932,C754$@DOM1,C754,P666,End,2
4897951,C755$@DOM1,C755,P666,Start,1
4897951,C755$@DOM1,C755,P666,End,2
4897991,C756$@DOM1,C756,P666,Start,1
4897991,C756$@DOM1,C756,P666,End,2
4898003,C757$@DOM1,C757,P666,Start,1
4898003,C757$@DOM1,C757,P666,End,2
4898043,C758$@DOM1,C758,P666,Start,1
4898043,C758$@DOM1,C758,P666,End,2
4898071,C759$@DOM1,C759,P666,Start,1
4898071,C759$@DOM1,C759,P666,End,2
4898095,C760$@DOM1,C760,P666,Start,1
4898095,C760$@DOM1,C760,P666,End,2
5012423,C1130$@DOM1,C1141,P777,Start,1
5012423,C1130$@DOM1,C1141,P777,End,2
5012437,C1131$@DOM1,C1144,P777,Start,1
5012443,C1131$@DOM1,C1144,P777,End,2
5012478,C1132$@DOM1,C1159,P777,Start,1
5012484,C1132$@DOM1,C1159,P777,End,2
5012548,C1133$@DOM1,C1165,P777,Start,1
5012553,C1133$@DOM1,C1165,P777,End,2
5012587,C1134$@DOM1,C1182,P777,Start,1
5012592,C1134$@DOM1,C1182,P777,End,2
5012608,C1135$@DOM1,C1193,P777,Start,1
5012613,C1135$@DOM1,C1193,P777,End,2
5012708,C1136$@DOM1,C1221,P777,Start,1
5012713,C1136$@DOM1,C1221,P777,End,2
5012764,C1137$@DOM1,C1239,P777,Start,1
5012769,C1137$@DOM1,C1239,P777,End,2
5012792,C1138$@DOM1,C1290,P777,Start,1
5012797,C1138$@DOM1,C1290,P777,End,2
5012844,C1139$@DOM1,C1311,P777,Start,1
5012849,C1139$@DOM1,C1311,P777,End,2
5012865,C1140$@DOM1,C1424,P777,Start,1
5012871,C1140$@DOM1,C1424,P777,End,2
5012880,C1141$@DOM1,C1415,P777,Start,1
5012886,C1141$@DOM1,C1415,P777,End,2
5012932,C1142$@DOM1,C1478,P777,Start,1
5012937,C1142$@DOM1,C1478,P777,End,2
5012983,C1143$@DOM1,C1500,P777,Start,1
5012988,C1143$@DOM1,C1500,P777,End,2
5013021,C1144$@DOM1,C1563,P777,Start,1
5013026,C1144$@DOM1,C1563,P777,End,2
5013062,C1145$@DOM1,C1585,P777,Start,1
5013067,C1145$@DOM1,C1585,P777,End,2
5013104,C1146$@DOM1,C1648,P777,Start,1
5013109,C1146$@DOM1,C1648,P777,End,2
5013157,C1147$@DOM1,C1669,P777,Start,1
5013162,C1147$@DOM1,C1669,P777,End,2
5013209,C1148$@DOM1,C1732,P777,Start,1
5013214,C1148$@DOM1,C1732,P777,End,2
5013242,C1149$@DOM1,C1754,P777,Start,1
5013247,C1149$@DOM1,C1754,P777,End,2
5013274,C1150$@DOM1,C1799,P777,Start,1
5013279,C1150$@DOM1,C1799,P777,End,2
5013319,C1151$@DOM1,C1840,P777,Start,1
5013324,C1151$@DOM1,C1840,P777,End,2
5013364,C1152$@DOM1,C1903,P777,Start,1
5013369,C1152$@DOM1,C1903,P777,End,2
5013385,C1153$@DOM1,C1922,P777,Start,1
5013390,C1153$@DOM1,C1922,P777,End,2
5013425,C1154$@DOM1,C1986,P777,Start,1
5013430,C1154$@DOM1,C1986,P777,End,2
5013454,C1155$@DOM1,C2006,P777,Start,1
5013459,C1155$@DOM1,C2006,P777,End,2
5013504,C1156$@DOM1,C2069,P777,Start,1
5013509,C1156$@DOM1,C2069,P777,End,2
5013526,C1157$@DOM1,C2090,P777,Start,1
5013531,C1157$@DOM1,C2090,P777,End,2
5013576,C1158$@DOM1,C2153,P777,Start,1
5013581,C1158$@DOM1,C2153,P777,End,2
5013614,C1159$@DOM1,C2174,P777,Start,1
5013619,C1159$@DOM1,C2174,P777,End,2
5013648,C1160$@DOM1,C2241,P777,Start,1
5013648,C1160$@DOM1,C2241,P777,End,2
9715125,C1256$@DOM1,C1256,P21,Start,0
9715125,C1948$@DOM1,C1948,P14,Start,0
9715126,C1961$@DOM1,C1961,P21,Start,0
9715126,C1987$@DOM1,C1987,P19,Start,0
63378,C9026$@DOM1,C9026,P16,Start,0
63378,C925$@DOM1,C925,P16,Start,0
63378,C9279$@DOM1,C9279,P265,End,0
63378,C9279$@DOM1,C9279,P265,Start,0
63378,C9666$@DOM1,C9666,P265,Start,0
63378,C9753$@DOM1,C9753,P13,Start,0
63378,C9753$@DOM1,C9753,P25,Start,0
63378,LOCAL SERVICE@C1503,C1503,P18,End,0
63378,LOCAL SERVICE@C1503,C1503,P18,Start,0
63378,LOCAL SERVICE@C1503,C1503,P5,End,0
63378,LOCAL SERVICE@C1570,C1570,P18,End,0
63378,LOCAL SERVICE@C1570,C1570,P18,Start,0
63378,LOCAL SERVICE@C1570,C1570,P5,End,0
63378,LOCAL SERVICE@C466,C466,P17,Start,0
63378,U425@DOM1,C2744,P158,End,0
63379,C10093$@DOM1,C10093,P16,Start,0
63379,C1010$@DOM1,C1010,P16,Start,0
63379,C10583$@DOM1,C10583,P14,Start,0
63379,C10784$@DOM1,C10784,P267,Start,0
63379,C11296$@DOM1,C11296,P28,Start,0
63379,C11296$@DOM1,C11296,P29,Start,0
63379,C11296$@DOM1,C11296,P5,Start,0
63379,C11307$@DOM1,C11307,P265,End,0
63379,C11307$@DOM1,C11307,P265,Start,0
63379,C114$@DOM1,C114,P9,Start,0
63379,C11405$@DOM1,C11405,P16,Start,0
63379,C11468$@DOM1,C11468,P1084,End,0
63379,C11468$@DOM1,C11468,P1084,Start,0
63379,C11468$@DOM1,C11468,P1087,Start,0
63379,C11468$@DOM1,C11468,P1194,End,0
63379,C11468$@DOM1,C11468,P19,End,0
63379,C11468$@DOM1,C11468,P866,End,0
63379,C11468$@DOM1,C11468,P88,End,0
63379,C11468$@DOM1,C11468,P95,Start,0
63379,C1200$@DOM1,C1200,P100,End,0
63379,C1200$@DOM1,C1200,P100,Start,0
63379,C1200$@DOM1,C1200,P21,End,0
63379,C1200$@DOM1,C1200,P21,Start,0
63379,C1200$@DOM1,C1200,P5,End,0
63379,C1200$@DOM1,C1200,P5,Start,0
63379,C1200$@DOM1,C1200,P99,End,0
63379,C1200$@DOM1,C1200,P99,Start,0
63379,C12238$@DOM1,C12238,P16,Start,0
63379,C12670$@DOM1,C12670,P5,Start,0
63379,C12792$@DOM1,C12792,P13,Start,0
63379,C13136$@DOM1,C13136,P156,Start,0
63379,C13292$@DOM1,C13292,P265,End,0
63379,C13292$@DOM1,C13292,P265,Start,0
63379,C13397$@DOM1,C13397,P260,Start,0
63379,C14506$@DOM1,C14506,P13,Start,0
63379,C14506$@DOM1,C14506,P14,Start,0
63379,C14506$@DOM1,C14506,P44,Start,0
63379,C14692$@DOM1,C14692,P16,Start,0
63379,C14759$@DOM1,C14759,P16,Start,0
63379,C15809$@DOM1,C15809,P16,Start,0
63379,C164$@DOM1,C164,P13,Start,0
63379,C164$@DOM1,C164,P14,Start,0
63379,C1653$@DOM1,C1653,P9,Start,0
63379,C1728$@DOM1,C1728,P16,Start,0
63379,C1984$@DOM1,C1984,P47,Start,0
63379,C2125$@DOM1,C2125,P21,End,0
63379,C2125$@DOM1,C2125,P21,Start,0
63379,C2125$@DOM1,C2125,P54,End,0
63379,C2125$@DOM1,C2125,P54,Start,0
63379,C2321$@DOM1,C2321,P13,Start,0
63379,C2321$@DOM1,C2321,P14,Start,0
63379,C2637$@DOM1,C2637,P16,Start,0
63379,C2696$@DOM1,C2696,P16,Start,0
63379,C2775$@DOM1,C2775,P124,Start,0
63379,C285$@DOM1,C285,P16,Start,0
63379,C3534$@DOM1,C3534,P16,Start,0
63379,C366$@DOM1,C366,P47,End,0
63379,C3668$@DOM1,C3668,P16,Start,0
63379,C523$@DOM1,C523,P25,End,0
63379,C523$@DOM1,C523,P5,End,0
63379,C553$@DOM1,C553,P25,End,0
63379,C553$@DOM1,C553,P5,End,0
63379,C6763$@DOM1,C6763,P16,Start,0
63379,C765$@DOM1,C765,P5,End,0
63379,C765$@DOM1,C765,P5,Start,0
63379,C765$@DOM1,C765,P56,End,0
63379,C765$@DOM1,C765,P56,Start,0
63379,C8528$@DOM1,C8528,P16,Start,0
63379,C855$@DOM1,C855,P16,Start,0
63379,C879$@DOM1,C879,P59,Start,0
63379,C8810$@DOM1,C8810,P16,Start,0
63379,C8958$@DOM1,C8958,P16,Start,0
63379,C9057$@DOM1,C9057,P13,Start,0
63379,C9057$@DOM1,C9057,P14,Start,0
63379,C9349$@DOM1,C9349,P9,Start,0
63379,C9766$@DOM1,C9766,P16,Start,0
63379,LOCAL SERVICE@C14290,C14290,P90,Start,0
63379,U2229@DOM1,C6653,P34,Start,0
63379,U5356@DOM1,C12670,P501,Start,0
63379,U5712@DOM1,C13847,P125,End,0
63379,U5712@DOM1,C13847,P4622,End,0
63379,U5712@DOM1,C13847,P4622,Start,0
63379,U5999@DOM1,C13750,P247,Start,0
63379,U6398@DOM1,C14494,P130,Start,0
63379,U6440@DOM1,C14506,P155,End,0
63379,U6440@DOM1,C14506,P155,Start,0
63379,U6440@DOM1,C14506,P44,End,0
63379,U6515@DOM1,C14858,P306,Start,0
63379,U6854@DOM1,C8504,P34,Start,0
63380,C10470$@DOM1,C10470,P265,Start,0
63380,C10741$@DOM1,C10741,P16,Start,0
63380,C11416$@DOM1,C11416,P16,Start,0
63380,C11581$@DOM1,C11581,P265,Start,0
63380,C11766$@DOM1,C11766,P16,Start,0
63380,C1204$@DOM1,C1204,P9,Start,0
63380,C12050$@DOM1,C12050,P16,Start,0
63380,C12311$@DOM1,C12311,P16,Start,0
63380,C12455$@DOM1,C12455,P16,Start,0
63380,C12463$@DOM1,C12463,P16,Start,0
63380,C12806$@DOM1,C12806,P265,End,0
63380,C12806$@DOM1,C12806,P865,End,0
63380,C12806$@DOM1,C12806,P865,Start,0
63380,C13246$@DOM1,C13246,P16,Start,0
63380,C13268$@DOM1,C13268,P16,Start,0
63380,C1482$@DOM1,C1482,P16,Start,0
63380,C1539$@DOM1,C1539,P16,Start,0
63380,C15661$@DOM1,C15661,P16,Start,0
63380,C1576$@DOM1,C1576,P5,Start,0
63380,C15782$@DOM1,C15782,P156,Start,0
63380,C1649$@DOM1,C1649,P16,Start,0
63380,C1802$@DOM1,C1802,P9,Start,0
63380,C2046$@DOM1,C2046,P21,End,0
63380,C2046$@DOM1,C2046,P21,Start,0
63380,C2046$@DOM1,C2046,P86,End,0
63380,C2046$@DOM1,C2046,P86,Start,0
63380,C2233$@DOM1,C2233,P9,Start,0
63380,C236$@DOM1,C236,P12,Start,0
63380,C236$@DOM1,C236,P5,Start,0
63380,C2385$@DOM1,C2385,P16,End,0
63380,C2881$@DOM1,C2881,P47,End,0
63380,C3237$@DOM1,C3237,P16,Start,0
63380,C428$@DOM1,C428,P9,Start,0
63380,C541$@DOM1,C541,P16,End,0
63380,C5969$@DOM1,C5969,P16,Start,0
63380,C615$@DOM1,C615,P16,End,0
63380,C63$@DOM1,C63,P16,Start,0
63380,C6469$@DOM1,C6469,P16,Start,0
63380,C6779$@DOM1,C6779,P156,Start,0
63380,C6779$@DOM1,C6779,P439,Start,0
63380,C123$@DOM1,C123,P666,Start,0
63380,C727$@DOM1,C727,P14,Start,0
63380,C9389$@DOM1,C9389,P5,Start,0
63380,C9666$@DOM1,C9666,P265,Start,0
63380,C9753$@DOM1,C9753,P5,Start,0
63380,C988$@DOM1,C988,P25,End,0
63380,C988$@DOM1,C988,P5,End,0
63380,LOCAL SERVICE@C1576,C1576,P17,End,0
63380,LOCAL SERVICE@C1576,C1576,P17,Start,0
63380,LOCAL SERVICE@C1576,C1576,P5,End,0
63380,LOCAL SERVICE@C466,C466,P17,End,0
63380,LOCAL SERVICE@C466,C466,P5,End,0
63380,U3665@DOM1,C9389,P984,Start,0
63381,C10388$@DOM1,C10388,P16,Start,0
63381,C11055$@DOM1,C11055,P16,Start,0
63381,C11475$@DOM1,C11475,P16,Start,0
63381,C1200$@DOM1,C1200,P100,End,0
63381,C1200$@DOM1,C1200,P100,Start,0
63381,C1200$@DOM1,C1200,P21,End,0
63381,C1200$@DOM1,C1200,P5,End,0
63381,C1200$@DOM1,C1200,P99,End,0
63381,C12311$@DOM1,C12311,P265,Start,0
63381,C12670$@DOM1,C12670,P5,Start,0
63381,C13188$@DOM1,C13188,P13,Start,0
63381,C13188$@DOM1,C13188,P14,Start,0
63381,C13750$@DOM1,C13750,P16,Start,0
63381,C13809$@DOM1,C13809,P16,Start,0
63381,C13952$@DOM1,C13952,P52,Start,0
63381,C14284$@DOM1,C14284,P16,Start,0
63381,C14415$@DOM1,C14415,P260,Start,0
63381,C15266$@DOM1,C15266,P16,Start,0
63381,C1682$@DOM1,C1682,P9,Start,0
63381,C1733$@DOM1,C1733,P9,Start,0
63381,C1893$@DOM1,C1893,P50,Start,0
63381,C2254$@DOM1,C2254,P5,Start,0
63381,C2685$@DOM1,C2685,P47,Start,0
63381,C2869$@DOM1,C2869,P47,End,0
63381,C2877$@DOM1,C2877,P16,Start,0
63381,C308$@DOM1,C308,P16,Start,0
63381,C425$@DOM1,C425,P16,Start,0
63381,C486$@DOM1,C486,P5,Start,0
63381,C523$@DOM1,C523,P25,End,0
63381,C523$@DOM1,C523,P25,Start,0
63381,C523$@DOM1,C523,P5,End,0
63381,C523$@DOM1,C523,P5,Start,0
63381,C6423$@DOM1,C6423,P16,Start,0
63381,C6699$@DOM1,C6699,P265,Start,0
63381,C8970$@DOM1,C8970,P16,Start,0
63381,C9036$@DOM1,C9036,P16,Start,0
63381,C9305$@DOM1,C9305,P265,Start,0
63381,C9441$@DOM1,C9441,P13,Start,0
63381,C9441$@DOM1,C9441,P14,Start,0
63381,C9570$@DOM1,C9570,P267,Start,0
63381,C9871$@DOM1,C9871,P14,End,0
63381,LOCAL SERVICE@C1403,C1403,P90,End,0
63381,LOCAL SERVICE@C14987,C14987,P90,Start,0
63381,LOCAL SERVICE@C2254,C2254,P22,End,0
63381,LOCAL SERVICE@C2254,C2254,P22,Start,0
63381,LOCAL SERVICE@C2254,C2254,P5,End,0
63381,LOCAL SERVICE@C3912,C3912,P14,End,0
63381,LOCAL SERVICE@C486,C486,P22,End,0
63381,LOCAL SERVICE@C486,C486,P22,Start,0
63381,LOCAL SERVICE@C486,C486,P5,End,0
63381,LOCAL SERVICE@C500,C500,P17,End,0
63381,LOCAL SERVICE@C500,C500,P18,End,0
63381,LOCAL SERVICE@C500,C500,P18,Start,0
63381,NETWORK SERVICE@C2149,C2149,P9,End,0
63381,U192@DOM1,C84,P34,End,0
63381,U192@DOM1,C84,P34,Start,0
63381,U2332@DOM1,C6804,P34,End,0
63381,U3873@DOM1,C9871,P13,End,0
63381,U4524@DOM1,C2438,P16,End,0
63381,U4524@DOM1,C2438,P1678,Start,0
63381,U5356@DOM1,C12670,P501,Start,0
63381,U6515@DOM1,C14858,P306,Start,0
63382,C10470$@DOM1,C10470,P265,Start,0
63382,C1060$@DOM1,C1060,P16,Start,0
63382,C11311$@DOM1,C11311,P21,Start,0
63382,C11311$@DOM1,C11311,P86,Start,0
63382,C11457$@DOM1,C11457,P16,Start,0
63382,C1163$@DOM1,C1163,P9,Start,0
63382,C11827$@DOM1,C11827,P13,End,0
63382,C11912$@DOM1,C11912,P16,Start,0
63382,C12192$@DOM1,C12192,P16,Start,0
63382,C12680$@DOM1,C12680,P16,Start,0
63382,C1274$@DOM1,C1274,P16,Start,0
63382,C12777$@DOM1,C12777,P44,End,0
63382,C12777$@DOM1,C12777,P44,Start,0
63382,C12835$@DOM1,C12835,P13,Start,0
63382,C12835$@DOM1,C12835,P14,Start,0
63382,C12937$@DOM1,C12937,P265,Start,0
63382,C1319$@DOM1,C1319,P16,Start,0
63382,C13853$@DOM1,C13853,P16,Start,0
63382,C14233$@DOM1,C14233,P16,Start,0
63382,C1442$@DOM1,C1442,P13,Start,0
63382,C1442$@DOM1,C1442,P14,Start,0
63382,C15070$@DOM1,C15070,P13,Start,0
63382,C15070$@DOM1,C15070,P14,Start,0
63382,C15782$@DOM1,C15782,P169,Start,0
63382,C16021$@DOM1,C16021,P16,End,0
63382,C1633$@DOM1,C1633,P9,Start,0
63382,C1703$@DOM1,C1703,P25,End,0
63382,C1703$@DOM1,C1703,P25,Start,0
63382,C1737$@DOM1,C1737,P25,End,0
63382,C1737$@DOM1,C1737,P25,Start,0
63382,C1737$@DOM1,C1737,P5,End,0
63382,C1737$@DOM1,C1737,P5,Start,0
63382,C1737$@DOM1,C1737,P9,Start,0
63382,C198$@DOM1,C198,P16,Start,0
63382,C2011$@DOM1,C2011,P16,Start,0
63382,C2378$@DOM1,C2378,P16,Start,0
63382,C241$@DOM1,C241,P5,Start,0
63382,C2564$@DOM1,C2564,P16,End,0
63382,C2731$@DOM1,C2731,P9,Start,0
63382,C367$@DOM1,C367,P16,Start,0
63382,C479$@DOM1,C479,P16,Start,0
63382,C5208$@DOM1,C5208,P13,Start,0
63382,C5850$@DOM1,C5850,P16,Start,0
63382,C6022$@DOM1,C6022,P16,Start,0
63382,C671$@DOM1,C671,P16,Start,0
63382,C6715$@DOM1,C6715,P16,Start,0
63382,C7670$@DOM1,C7670,P257,Start,0
63382,C937$@DOM1,C937,P13,Start,0
63382,C937$@DOM1,C937,P14,Start,0
63382,C9743$@DOM1,C9743,P265,Start,0
63382,C988$@DOM1,C988,P25,End,0
63382,C988$@DOM1,C988,P25,Start,0
63382,C988$@DOM1,C988,P5,End,0
63382,C988$@DOM1,C988,P5,Start,0
63382,C988$@DOM1,C988,P9,Start,0
63382,C991$@DOM1,C991,P16,Start,0
63382,LOCAL SERVICE@C15699,C15699,P90,Start,0
63382,LOCAL SERVICE@C241,C241,P18,Start,0
63382,LOCAL SERVICE@C241,C241,P22,End,0
63382,LOCAL SERVICE@C241,C241,P22,Start,0
63382,LOCAL SERVICE@C241,C241,P5,End,0
63382,LOCAL SERVICE@C2759,C2759,P90,Start,0
63382,LOCAL SERVICE@C7677,C7677,P14,End,0
63382,U2799@DOM1,C7677,P34,End,0
63382,U2799@DOM1,C7677,P34,Start,0
63382,U4524@DOM1,C2438,P1678,End,0
63383,C11039$@DOM1,C11039,P47,Start,0
63383,C11039$@DOM1,C11039,P9,Start,0
63383,C1134$@DOM1,C1134,P9,Start,0
63383,C11783$@DOM1,C11783,P16,Start,0
63383,C1229$@DOM1,C1229,P16,Start,0
63383,C12311$@DOM1,C12311,P265,Start,0
63383,C1252$@DOM1,C1252,P16,End,0
63383,C12670$@DOM1,C12670,P5,Start,0
63383,C13132$@DOM1,C13132,P25,Start,0
63383,C13132$@DOM1,C13132,P5,Start,0
63383,C13158$@DOM1,C13158,P267,Start,0
63383,C14160$@DOM1,C14160,P16,Start,0
63383,C1424$@DOM1,C1424,P25,Start,0
63383,C1424$@DOM1,C1424,P5,Start,0
63383,C14341$@DOM1,C14341,P16,Start,0
63383,C14549$@DOM1,C14549,P10,Start,0
63383,C1476$@DOM1,C1476,P3,Start,0
63383,C1476$@DOM1,C1476,P325,Start,0
63383,C1476$@DOM1,C1476,P4,Start,0
63383,C1476$@DOM1,C1476,P5,Start,0
63383,C15443$@DOM1,C15443,P13,Start,0
63383,C15443$@DOM1,C15443,P14,Start,0
63383,C1599$@DOM1,C1599,P9,Start,0
63383,C1624$@DOM1,C1624,P50,End,0
63383,C1624$@DOM1,C1624,P50,Start,0
63383,C165$@DOM1,C165,P13,Start,0
63383,C165$@DOM1,C165,P14,Start,0
63383,C1704$@DOM1,C1704,P9,Start,0
63383,C1731$@DOM1,C1731,P47,End,0
63383,C1740$@DOM1,C1740,P9,Start,0
63383,C522$@DOM1,C522,P16,Start,0
63383,C526$@DOM1,C526,P16,Start,0
63383,C5568$@DOM1,C5568,P370,Start,0
63383,C6161$@DOM1,C6161,P13,Start,0
63383,C6161$@DOM1,C6161,P14,Start,0
63383,C659$@DOM1,C659,P13,Start,0
63383,C659$@DOM1,C659,P14,Start,0
63383,C6699$@DOM1,C6699,P265,Start,0
63383,C6750$@DOM1,C6750,P5,Start,0
63383,C6750$@DOM1,C6750,P719,Start,0
63383,C750$@DOM1,C750,P13,Start,0
63383,C750$@DOM1,C750,P14,Start,0
63383,C7856$@DOM1,C7856,P16,Start,0
63383,C815$@DOM1,C815,P30,End,0
63383,C815$@DOM1,C815,P30,Start,0
63383,C8342$@DOM1,C8342,P16,End,0
63383,C8928$@DOM1,C8928,P16,Start,0
63383,C898$@DOM1,C898,P16,Start,0
63383,C924$@DOM1,C924,P16,Start,0
63383,C9279$@DOM1,C9279,P265,End,0
63383,C9279$@DOM1,C9279,P265,Start,0
63383,C9305$@DOM1,C9305,P265,Start,0
63383,C9366$@DOM1,C9366,P16,Start,0
63383,U169@C2245,C2245,P119,End,0
63383,U2937@DOM1,C8066,P34,Start,0
63383,U32@DOM1,C815,P28,End,0
63383,U32@DOM1,C815,P29,End,0
63383,U32@DOM1,C815,P29,Start,0
63383,U4524@DOM1,C2438,P1678,Start,0
63383,U5356@DOM1,C12670,P501,Start,0
63383,U5999@DOM1,C13750,P247,Start,0
63383,U6515@DOM1,C14858,P306,Start,0
63384,C10656$@DOM1,C10656,P16,Start,0
63384,C1089$@DOM1,C1089,P16,Start,0
63384,C11101$@DOM1,C11101,P13,Start,0
63384,C11101$@DOM1,C11101,P14,Start,0
63384,C11208$@DOM1,C11208,P16,Start,0
63384,C11307$@DOM1,C11307,P265,End,0
63384,C11307$@DOM1,C11307,P265,Start,0
63384,C11468$@DOM1,C11468,P88,Start,0
63384,C11581$@DOM1,C11581,P265,Start,0
63384,C12116$@DOM1,C12116,P268,Start,0
63384,C12149$@DOM1,C12149,P14,End,0
63384,C12937$@DOM1,C12937,P265,Start,0
63384,C13268$@DOM1,C13268,P16,End,0
63384,C13292$@DOM1,C13292,P265,End,0
63384,C13292$@DOM1,C13292,P265,Start,0
63384,C13793$@DOM1,C13793,P16,Start,0
63384,C1408$@DOM1,C1408,P16,Start,0
63384,C15272$@DOM1,C15272,P16,Start,0
63384,C15489$@DOM1,C15489,P89,Start,0
63384,C1576$@DOM1,C1576,P5,Start,0
63384,C15882$@DOM1,C15882,P59,Start,0
63384,C1646$@DOM1,C1646,P119,Start,0
63384,C1652$@DOM1,C1652,P9,Start,0
63384,C1801$@DOM1,C1801,P9,Start,0
63384,C1978$@DOM1,C1978,P47,End,0
63384,C236$@DOM1,C236,P12,Start,0
63384,C236$@DOM1,C236,P5,Start,0
63384,C241$@DOM1,C241,P5,Start,0
63384,C2607$@DOM1,C2607,P47,End,0
63384,C3495$@DOM1,C3495,P16,Start,0
63384,C444$@DOM1,C444,P21,Start,0
63384,C6024$@DOM1,C6024,P16,Start,0
63384,C6456$@DOM1,C6456,P16,Start,0
63384,C651$@DOM1,C651,P13,Start,0
63384,C727$@DOM1,C727,P16,Start,0
63384,C7352$@DOM1,C7352,P16,Start,0
63384,C7483$@DOM1,C7483,P16,Start,0
63384,C7718$@DOM1,C7718,P16,Start,0
63384,C9038$@DOM1,C9038,P16,Start,0
63384,C9253$@DOM1,C9253,P16,Start,0
63384,C9741$@DOM1,C9741,P16,Start,0
63384,C9743$@DOM1,C9743,P265,End,0
63384,C9743$@DOM1,C9743,P265,Start,0
103511,C2067$@DOM1,C2067,P5,Start,0
103511,C241$@DOM1,C241,P5,Start,0
103511,C305$@DOM1,C305,P16,End,0
103511,C307$@DOM1,C307,P16,Start,0
103511,C508$@DOM1,C508,P16,Start,0
103511,C553$@DOM1,C553,P25,End,0
103511,C553$@DOM1,C553,P5,End,0
103511,C5837$@DOM1,C5837,P9,Start,0
103511,C5957$@DOM1,C5957,P235,Start,0
103511,C765$@DOM1,C765,P5,End,0
103511,C765$@DOM1,C765,P5,Start,0
103511,C765$@DOM1,C765,P56,End,0
103511,C765$@DOM1,C765,P56,Start,0
103511,C795$@DOM1,C795,P265,End,0
103511,C795$@DOM1,C795,P265,Start,0
103511,C802$@DOM1,C802,P59,Start,0
103511,C881$@DOM1,C881,P265,End,0
103511,C881$@DOM1,C881,P265,Start,0
103511,C9244$@DOM1,C9244,P1763,Start,0
103511,C9260$@DOM1,C9260,P16,Start,0
103511,C987$@DOM1,C987,P25,Start,0
103511,C987$@DOM1,C987,P5,Start,0
103511,C9881$@DOM1,C9881,P16,Start,0
103511,LOCAL SERVICE@C241,C241,P17,End,0
103511,LOCAL SERVICE@C241,C241,P17,Start,0
103511,LOCAL SERVICE@C241,C241,P18,End,0
103511,LOCAL SERVICE@C241,C241,P18,Start,0
103511,LOCAL SERVICE@C241,C241,P5,End,0
103511,NETWORK SERVICE@C3149,C3149,P9,End,0
103511,U38@DOM1,C968,P34,Start,0
103511,U4559@DOM1,C3155,P34,Start,0
103512,C10293$@DOM1,C10293,P16,Start,0
103512,C10749$@DOM1,C10749,P16,Start,0
103512,C10790$@DOM1,C10790,P16,Start,0
103512,C10819$@DOM1,C10819,P16,Start,0
103512,C11785$@DOM1,C11785,P16,Start,0
103512,C12373$@DOM1,C12373,P16,Start,0
103512,C12670$@DOM1,C12670,P5,Start,0
103512,C13352$@DOM1,C13352,P16,Start,0
103512,C1495$@DOM1,C1495,P42,Start,0
103512,C1528$@DOM1,C1528,P16,Start,0
103512,C15552$@DOM1,C15552,P25,Start,0
103512,C15552$@DOM1,C15552,P5,Start,0
103512,C1710$@DOM1,C1710,P16,End,0
103512,C1810$@DOM1,C1810,P16,Start,0
103512,C1863$@DOM1,C1863,P59,Start,0
103512,C194$@DOM1,C194,P16,Start,0
103512,C1945$@DOM1,C1945,P20,End,0
103512,C236$@DOM1,C236,P12,Start,0
103512,C236$@DOM1,C236,P5,Start,0
103512,C240$@DOM1,C240,P16,Start,0
103512,C2489$@DOM1,C2489,P140,Start,0
103512,C2855$@DOM1,C2855,P265,End,0
103512,C2855$@DOM1,C2855,P265,Start,0
103512,C3491$@DOM1,C3491,P265,End,0
103512,C3491$@DOM1,C3491,P265,Start,0
103512,C4313$@DOM1,C4313,P265,End,0
103512,C4313$@DOM1,C4313,P265,Start,0
103512,C558$@DOM1,C558,P16,Start,0
103512,C716$@DOM1,C716,P25,End,0
103512,C716$@DOM1,C716,P25,Start,0
103512,C716$@DOM1,C716,P5,End,0
103512,C716$@DOM1,C716,P5,Start,0
103512,C7573$@DOM1,C7573,P13,Start,0
103512,C7573$@DOM1,C7573,P14,Start,0
103512,C917$@DOM1,C917,P265,End,0
103512,C917$@DOM1,C917,P265,Start,0
103512,LOCAL SERVICE@C3665,C3665,P90,Start,0
103512,U177@DOM1,C13855,P54,Start,0
103512,U2247@DOM1,C6677,P34,End,0
103512,U47@DOM1,C1152,P25,End,0
103512,U47@DOM1,C1152,P25,Start,0
103512,U123@DOM1,C1152,P666,Start,0
103512,U5356@DOM1,C12670,P501,Start,0
103512,U67@C35,C35,P59,End,0
103512,U67@C35,C35,P59,Start,0
103512,U7317@DOM1,C3665,P152,Start,0
103512,U7317@DOM1,C3665,P247,Start,0
103513,C1144$@DOM1,C1144,P16,Start,0
103513,C1173$@DOM1,C1173,P4,Start,0
103513,C119$@DOM1,C119,P16,Start,0
103513,C12652$@DOM1,C12652,P16,Start,0
103513,C13211$@DOM1,C13211,P265,Start,0
103513,C13591$@DOM1,C13591,P16,Start,0
103513,C1432$@DOM1,C1432,P16,End,0
103513,C14631$@DOM1,C14631,P16,Start,0
103513,C1532$@DOM1,C1532,P59,Start,0
103513,C1576$@DOM1,C1576,P5,Start,0
103513,C15850$@DOM1,C15850,P25,Start,0
103513,C15850$@DOM1,C15850,P5,Start,0
103513,C2102$@DOM1,C2102,P16,Start,0
103513,C2496$@DOM1,C2496,P265,End,0
103513,C2496$@DOM1,C2496,P265,Start,0
103513,C2700$@DOM1,C2700,P16,Start,0
103513,C2720$@DOM1,C2720,P265,End,0
103513,C2720$@DOM1,C2720,P265,Start,0
103513,C2969$@DOM1,C2969,P265,End,0
103513,C2969$@DOM1,C2969,P265,Start,0
103513,C656$@DOM1,C656,P16,Start,0
103513,C6967$@DOM1,C6967,P16,Start,0
103513,C7687$@DOM1,C7687,P16,Start,0
103513,C8047$@DOM1,C8047,P16,Start,0
103513,C8246$@DOM1,C8246,P16,Start,0
103513,C881$@DOM1,C881,P265,End,0
103513,C881$@DOM1,C881,P265,Start,0
103513,C9244$@DOM1,C9244,P1763,Start,0
103513,C9591$@DOM1,C9591,P13,Start,0
103513,C9591$@DOM1,C9591,P14,Start,0
103513,C9900$@DOM1,C9900,P16,Start,0
103513,LOCAL SERVICE@C1173,C1173,P4,End,0
103513,LOCAL SERVICE@C1576,C1576,P17,End,0
103513,LOCAL SERVICE@C1576,C1576,P17,Start,0
103513,LOCAL SERVICE@C1576,C1576,P5,End,0
103514,C10849$@DOM1,C10849,P16,Start,0
103514,C10916$@DOM1,C10916,P16,Start,0
103514,C10974$@DOM1,C10974,P16,Start,0
103514,C117$@DOM1,C117,P16,Start,0
103514,C1238$@DOM1,C1238,P25,Start,0
103514,C1238$@DOM1,C1238,P5,Start,0
103514,C12670$@DOM1,C12670,P5,Start,0
103514,C1414$@DOM1,C1414,P25,Start,0
103514,C1414$@DOM1,C1414,P5,Start,0
103514,C1503$@DOM1,C1503,P5,Start,0
103514,C15905$@DOM1,C15905,P265,Start,0
103514,C1624$@DOM1,C1624,P21,End,0
103514,C1624$@DOM1,C1624,P21,Start,0
103514,C1624$@DOM1,C1624,P50,End,0
103514,C1624$@DOM1,C1624,P50,Start,0
103514,C1624$@DOM1,C1624,P86,End,0
103514,C1624$@DOM1,C1624,P86,Start,0
103514,C1685$@DOM1,C1685,P5,End,0
103514,C1685$@DOM1,C1685,P5,Start,0
103514,C1685$@DOM1,C1685,P60,End,0
103514,C1685$@DOM1,C1685,P60,Start,0
103514,C1707$@DOM1,C1707,P60,End,0
103514,C1707$@DOM1,C1707,P60,Start,0
103514,C1707$@DOM1,C1707,P63,End,0
103514,C1707$@DOM1,C1707,P63,Start,0
103514,C1964$@DOM1,C1964,P5,Start,0
103514,C2057$@DOM1,C2057,P5,Start,0
103514,C217$@DOM1,C217,P265,Start,0
103514,C2855$@DOM1,C2855,P265,End,0
103514,C2855$@DOM1,C2855,P265,Start,0
103514,C3741$@DOM1,C3741,P265,End,0
103514,C3741$@DOM1,C3741,P265,Start,0
103514,C39$@DOM2,C39,P16,Start,0
103514,C4313$@DOM1,C4313,P265,End,0
103514,C4313$@DOM1,C4313,P265,Start,0
103514,C444$@DOM1,C444,P21,Start,0
103514,C466$@DOM1,C466,P16,Start,0
103514,C470$@DOM1,C470,P16,Start,0
103514,C676$@DOM1,C676,P16,Start,0
103514,C687$@DOM1,C687,P16,End,0
103514,C6872$@DOM1,C6872,P16,Start,0
103514,C6926$@DOM1,C6926,P16,Start,0
103514,C724$@DOM1,C724,P16,Start,0
103514,C748$@DOM1,C748,P13,Start,0
103514,C748$@DOM1,C748,P14,Start,0
103514,C748$@DOM1,C748,P25,Start,0
103514,C748$@DOM1,C748,P5,Start,0
103514,C813$@DOM1,C813,P16,Start,0
103514,C8209$@DOM1,C8209,P16,Start,0
103514,C8696$@DOM1,C8696,P16,Start,0
103514,C917$@DOM1,C917,P265,End,0
103514,C917$@DOM1,C917,P265,Start,0
103514,C9336$@DOM1,C9336,P16,Start,0
103514,C9384$@DOM1,C9384,P16,Start,0
103514,LOCAL SERVICE@C1503,C1503,P22,End,0
103514,LOCAL SERVICE@C1503,C1503,P22,Start,0
103514,LOCAL SERVICE@C1503,C1503,P5,End,0
103514,LOCAL SERVICE@C2057,C2057,P22,End,0
103514,LOCAL SERVICE@C2057,C2057,P22,Start,0
103514,LOCAL SERVICE@C2057,C2057,P5,End,0
103514,U117@DOM1,C1964,P25,End,0
103514,U117@DOM1,C1964,P25,Start,0
103514,U117@DOM1,C1964,P5,End,0
103514,U177@DOM1,C13855,P54,Start,0
103514,U5356@DOM1,C12670,P501,Start,0
103514,U6180@DOM1,C13086,P34,Start,0
103515,C1120$@DOM1,C1120,P16,Start,0
103515,C1173$@DOM1,C1173,P265,End,0
103515,C1173$@DOM1,C1173,P265,Start,0
103515,C1226$@DOM1,C1226,P16,Start,0
103515,C12790$@DOM1,C12790,P16,Start,0
103515,C12837$@DOM1,C12837,P782,Start,0
103515,C13028$@DOM1,C13028,P16,Start,0
103515,C13211$@DOM1,C13211,P265,Start,0
103515,C13393$@DOM1,C13393,P28,End,0
103515,C13393$@DOM1,C13393,P28,Start,0
103515,C13393$@DOM1,C13393,P29,End,0
103515,C13393$@DOM1,C13393,P29,Start,0
103515,C13457$@DOM1,C13457,P16,Start,0
103515,C13942$@DOM1,C13942,P16,Start,0
103515,C14413$@DOM1,C14413,P14,End,0
103515,C14413$@DOM1,C14413,P14,Start,0
103515,C1503$@DOM1,C1503,P5,Start,0
103515,C1587$@DOM1,C1587,P16,Start,0
103515,C1719$@DOM1,C1719,P265,End,0
103515,C1719$@DOM1,C1719,P265,Start,0
103515,C1964$@DOM1,C1964,P9,Start,0
103515,C217$@DOM1,C217,P265,End,0
103515,C2259$@DOM1,C2259,P16,Start,0
103515,C2342$@DOM1,C2342,P4,Start,0
103515,C2925$@DOM1,C2925,P47,Start,0
103515,C2969$@DOM1,C2969,P265,End,0
103515,C2969$@DOM1,C2969,P265,Start,0
103515,C2987$@DOM1,C2987,P44,End,0
103515,C3040$@DOM1,C3040,P265,End,0
103515,C3040$@DOM1,C3040,P265,Start,0
103515,C492$@DOM1,C492,P21,Start,0
103515,C492$@DOM1,C492,P66,Start,0
103515,C553$@DOM1,C553,P16,End,0
103515,C6251$@DOM1,C6251,P16,Start,0
103515,C728$@DOM1,C728,P25,Start,0
103515,C728$@DOM1,C728,P5,Start,0
103515,C881$@DOM1,C881,P265,End,0
103515,C881$@DOM1,C881,P265,Start,0
103515,C9244$@DOM1,C9244,P1763,Start,0
103515,LOCAL SERVICE@C1503,C1503,P17,End,0
103515,LOCAL SERVICE@C1503,C1503,P17,Start,0
103515,LOCAL SERVICE@C1503,C1503,P18,End,0
103515,LOCAL SERVICE@C1503,C1503,P18,Start,0
103515,LOCAL SERVICE@C1503,C1503,P5,End,0
103515,NETWORK SERVICE@C2558,C2558,P9,End,0
103515,U117@DOM1,C1964,P25,End,0
103515,U117@DOM1,C1964,P5,End,0
103515,U185@DOM1,C3188,P198,End,0
103515,U185@DOM1,C3188,P198,Start,0
103515,U2435@DOM1,C6967,P34,Start,0
103515,U3805@DOM1,C9818,P34,Start,0
103515,U5412@DOM1,C12837,P782,End,0
103516,C10114$@DOM1,C10114,P16,Start,0
103516,C1013$@DOM1,C1013,P16,Start,0
103516,C10760$@DOM1,C10760,P16,Start,0
103516,C11296$@DOM1,C11296,P28,Start,0
103516,C11296$@DOM1,C11296,P29,Start,0
103516,C11296$@DOM1,C11296,P5,Start,0
103516,C12373$@DOM1,C12373,P16,End,0
103516,C12670$@DOM1,C12670,P5,Start,0
103516,C13032$@DOM1,C13032,P16,Start,0
103516,C15489$@DOM1,C15489,P16,Start,0
103516,C15905$@DOM1,C15905,P265,Start,0
103516,C1692$@DOM1,C1692,P9,Start,0
103516,C1710$@DOM1,C1710,P110,End,0
103516,C1710$@DOM1,C1710,P110,Start,0
103516,C1710$@DOM1,C1710,P5,End,0
103516,C1710$@DOM1,C1710,P5,Start,0
103516,C1754$@DOM1,C1754,P25,Start,0
103516,C1754$@DOM1,C1754,P5,Start,0
103516,C1810$@DOM1,C1810,P16,End,0
103516,C1893$@DOM1,C1893,P178,Start,0
103516,C1893$@DOM1,C1893,P179,Start,0
103516,C1893$@DOM1,C1893,P6401,End,0
103516,C1920$@DOM1,C1920,P4,Start,0
103516,C2057$@DOM1,C2057,P5,Start,0
103516,C2064$@DOM1,C2064,P9,End,0
103516,C236$@DOM1,C236,P12,Start,0
103516,C236$@DOM1,C236,P5,Start,0
103516,C2855$@DOM1,C2855,P265,End,0
103516,C2855$@DOM1,C2855,P265,Start,0
103516,C3774$@DOM1,C3774,P47,End,0
103516,C3796$@DOM1,C3796,P47,Start,0
103516,C412$@DOM1,C412,P16,Start,0
103516,C4313$@DOM1,C4313,P265,End,0
103516,C4313$@DOM1,C4313,P265,Start,0
103516,C492$@DOM1,C492,P21,End,0
103516,C492$@DOM1,C492,P21,Start,0
103516,C492$@DOM1,C492,P64,End,0
103516,C492$@DOM1,C492,P64,Start,0
103516,C492$@DOM1,C492,P66,End,0
103516,C492$@DOM1,C492,P66,Start,0
103516,C492$@DOM1,C492,P81,Start,0
103516,C502$@DOM1,C502,P16,Start,0
103516,C533$@DOM1,C533,P4,Start,0
103516,C5418$@DOM1,C5418,P16,Start,0
103516,C5957$@DOM1,C5957,P235,End,0
103516,C690$@DOM1,C690,P16,Start,0
103516,C8295$@DOM1,C8295,P16,Start,0
103516,C8331$@DOM1,C8331,P16,Start,0
103516,C917$@DOM1,C917,P265,End,0
103516,C917$@DOM1,C917,P265,Start,0
103516,C9389$@DOM1,C9389,P5,Start,0
103516,LOCAL SERVICE@C2057,C2057,P17,End,0
103516,LOCAL SERVICE@C2057,C2057,P17,Start,0
103516,LOCAL SERVICE@C2057,C2057,P18,End,0
103516,LOCAL SERVICE@C2057,C2057,P18,Start,0
103516,LOCAL SERVICE@C2057,C2057,P5,End,0
103516,U177@DOM1,C13855,P1109,Start,0
103516,U177@DOM1,C13855,P1355,Start,0
103516,U177@DOM1,C13855,P54,Start,0
103516,U177@DOM1,C13855,P678,Start,0
103516,U24@DOM1,C1340,P40,Start,0
103516,U3665@DOM1,C9389,P984,Start,0
103516,U5356@DOM1,C12670,P501,Start,0
103516,U67@C1723,C1723,P59,End,0
103516,U67@C1723,C1723,P59,Start,0
103517,C1032$@DOM1,C1032,P14,Start,0
103517,C10547$@DOM1,C10547,P16,Start,0
103517,C12457$@DOM1,C12457,P16,Start,0
103517,C13713$@DOM1,C13713,P16,Start,0
103517,C1379$@DOM1,C1379,P16,Start,0
103517,C15326$@DOM1,C15326,P16,Start,0
103517,C15410$@DOM1,C15410,P16,Start,0
103517,C2700$@DOM1,C2700,P16,End,0
103517,C2969$@DOM1,C2969,P265,End,0
103517,C307$@DOM1,C307,P16,End,0
103517,C3156$@DOM1,C3156,P5,End,0
103517,C3156$@DOM1,C3156,P5,Start,0
103517,C3156$@DOM1,C3156,P866,End,0
103517,C3156$@DOM1,C3156,P866,Start,0
103517,C492$@DOM1,C492,P21,End,0
103517,C492$@DOM1,C492,P21,Start,0
103517,C492$@DOM1,C492,P66,End,0
103517,C492$@DOM1,C492,P66,Start,0
103517,C621$@DOM1,C621,P21,Start,0
103517,C621$@DOM1,C621,P66,Start,0
103517,C7030$@DOM1,C7030,P59,Start,0
103517,C728$@DOM1,C728,P25,End,0
103517,C728$@DOM1,C728,P5,End,0
103517,C765$@DOM1,C765,P5,End,0
103517,C765$@DOM1,C765,P5,Start,0
103517,C765$@DOM1,C765,P56,End,0
103517,C765$@DOM1,C765,P56,Start,0
103517,C8248$@DOM1,C8248,P16,Start,0
103517,C83$@DOM1,C83,P5,Start,0
103517,C9244$@DOM1,C9244,P1763,Start,0
103517,C946$@DOM1,C946,P16,Start,0
103517,LOCAL SERVICE@C2342,C2342,P4,End,0
103517,LOCAL SERVICE@C83,C83,P17,End,0
103517,LOCAL SERVICE@C83,C83,P17,Start,0
103517,LOCAL SERVICE@C83,C83,P18,End,0
103517,LOCAL SERVICE@C83,C83,P18,Start,0
103517,LOCAL SERVICE@C83,C83,P22,End,0
103517,LOCAL SERVICE@C83,C83,P22,Start,0
103517,LOCAL SERVICE@C83,C83,P5,End,0
103517,NETWORK SERVICE@C1665,C1665,P9,End,0
103517,U47@DOM1,C1152,P25,End,0
103517,U629@DOM1,C332,P339,Start,0
103518,C10121$@DOM1,C10121,P16,Start,0
103518,C11441$@DOM1,C11441,P16,Start,0
103518,C12670$@DOM1,C12670,P5,Start,0
103518,C13260$@DOM1,C13260,P16,Start,0
103518,C1337$@DOM1,C1337,P16,Start,0
103518,C13913$@DOM1,C13913,P9,Start,0
103518,C1443$@DOM1,C1443,P16,Start,0
103518,C1599$@DOM1,C1599,P25,Start,0
103518,C240$@DOM1,C240,P16,End,0
103518,C2470$@DOM1,C2470,P13,Start,0
103518,C2470$@DOM1,C2470,P14,Start,0
103518,C2470$@DOM1,C2470,P9,Start,0
103518,C2496$@DOM1,C2496,P265,End,0
103518,C2496$@DOM1,C2496,P265,Start,0
103518,C2556$@DOM1,C2556,P16,Start,0
103518,C2623$@DOM1,C2623,P16,Start,0
103518,C2855$@DOM1,C2855,P265,End,0
103518,C2855$@DOM1,C2855,P265,Start,0
103518,C3024$@DOM1,C3024,P16,Start,0
103518,C354$@DOM1,C354,P16,Start,0
103518,C3722$@DOM1,C3722,P25,Start,0
103518,C4313$@DOM1,C4313,P265,End,0
103518,C4313$@DOM1,C4313,P265,Start,0
103518,C466$@DOM1,C466,P16,End,0
103518,C533$@DOM1,C533,P4,Start,0
103518,C6018$@DOM1,C6018,P16,Start,0
103518,C621$@DOM1,C621,P21,End,0
103518,C621$@DOM1,C621,P21,Start,0
103518,C621$@DOM1,C621,P64,End,0
103518,C621$@DOM1,C621,P64,Start,0
103518,C621$@DOM1,C621,P66,End,0
103518,C621$@DOM1,C621,P66,Start,0
103518,C621$@DOM1,C621,P81,Start,0
103518,C8966$@DOM1,C8966,P16,Start,0
103518,C9222$@DOM1,C9222,P16,Start,0
103518,LOCAL SERVICE@C1920,C1920,P4,End,0
103518,U177@DOM1,C13855,P1109,Start,0
103518,U177@DOM1,C13855,P1355,Start,0
103518,U177@DOM1,C13855,P2370,Start,0
103518,U177@DOM1,C13855,P3616,Start,0
103518,U177@DOM1,C13855,P678,Start,0
103518,U5356@DOM1,C12670,P501,Start,0
103518,U67@C1723,C1723,P59,End,0
103518,U67@C1723,C1723,P59,Start,0
103519,C1008$@DOM1,C1008,P16,Start,0
103519,C1075$@DOM1,C1075,P16,Start,0
103519,C1173$@DOM1,C1173,P265,End,0
103519,C1173$@DOM1,C1173,P265,Start,0
103519,C1218$@DOM1,C1218,P16,Start,0
103519,C12180$@DOM1,C12180,P16,Start,0
103519,C1226$@DOM1,C1226,P16,End,0
103519,C13115$@DOM1,C13115,P13,Start,0
103519,C13115$@DOM1,C13115,P14,Start,0
103519,C13211$@DOM1,C13211,P265,Start,0
103519,C1368$@DOM1,C1368,P16,Start,0
103519,C1576$@DOM1,C1576,P5,Start,0
103519,C1624$@DOM1,C1624,P21,End,0
103519,C1624$@DOM1,C1624,P21,Start,0
103519,C1624$@DOM1,C1624,P50,End,0
103519,C1624$@DOM1,C1624,P50,Start,0
103519,C1624$@DOM1,C1624,P86,End,0
103519,C1624$@DOM1,C1624,P86,Start,0
103519,C1654$@DOM1,C1654,P21,Start,0
103519,C1707$@DOM1,C1707,P63,End,0
103519,C1839$@DOM1,C1839,P16,Start,0
103519,C1863$@DOM1,C1863,P59,End,0
103519,C1952$@DOM1,C1952,P16,Start,0
103519,C2048$@DOM1,C2048,P16,Start,0
103519,C2102$@DOM1,C2102,P16,End,0
103519,C2259$@DOM1,C2259,P16,End,0
103519,C2969$@DOM1,C2969,P265,End,0
103519,C2969$@DOM1,C2969,P265,Start,0
103519,C3156$@DOM1,C3156,P5,End,0
103519,C3156$@DOM1,C3156,P5,Start,0
103519,C3156$@DOM1,C3156,P866,End,0
103519,C3156$@DOM1,C3156,P866,Start,0
103519,C3156$@DOM1,C3156,P867,End,0
103519,C3156$@DOM1,C3156,P867,Start,0
103519,C3741$@DOM1,C3741,P265,End,0
103519,C3741$@DOM1,C3741,P265,Start,0
103519,C46$@DOM1,C46,P16,Start,0
103519,C460$@DOM1,C460,P16,Start,0
103519,C511$@DOM1,C511,P16,Start,0
103519,C621$@DOM1,C621,P21,End,0
103519,C621$@DOM1,C621,P66,End,0
103519,C621$@DOM1,C621,P66,Start,0
103519,C6387$@DOM1,C6387,P16,Start,0
103519,C6558$@DOM1,C6558,P16,Start,0
103519,C881$@DOM1,C881,P265,End,0
103519,C881$@DOM1,C881,P265,Start,0
103519,C9244$@DOM1,C9244,P1763,Start,0
103519,C9399$@DOM1,C9399,P25,Start,0
103519,C9399$@DOM1,C9399,P5,Start,0
103519,C9900$@DOM1,C9900,P13,Start,0
103519,C9900$@DOM1,C9900,P14,Start,0
103519,LOCAL SERVICE@C1319,C1319,P22,End,0
103519,LOCAL SERVICE@C1319,C1319,P5,End,0
103519,LOCAL SERVICE@C1576,C1576,P18,End,0
103519,LOCAL SERVICE@C1576,C1576,P18,Start,0
103519,LOCAL SERVICE@C1576,C1576,P5,End,0
103519,U174@DOM1,C2341,P34,Start,0
103519,U549@DOM1,C72,P105,Start,0
103520,C1035$@DOM1,C1035,P37,Start,0
103520,C1035$@DOM1,C1035,P5,Start,0
103520,C10666$@DOM1,C10666,P16,Start,0
103520,C10839$@DOM1,C10839,P16,Start,0
103520,C10992$@DOM1,C10992,P16,Start,0
103520,C1101$@DOM1,C1101,P89,Start,0
103520,C114$@DOM1,C114,P16,Start,0
103520,C1169$@DOM1,C1169,P16,Start,0
103520,C12302$@DOM1,C12302,P25,Start,0
103520,C12302$@DOM1,C12302,P5,Start,0
103520,C12670$@DOM1,C12670,P5,Start,0
103520,C13250$@DOM1,C13250,P16,Start,0
103520,C14147$@DOM1,C14147,P16,Start,0
103520,C1495$@DOM1,C1495,P42,Start,0
103520,C15939$@DOM1,C15939,P16,Start,0
103520,C1599$@DOM1,C1599,P25,End,0
103520,C1719$@DOM1,C1719,P265,End,0
103520,C1719$@DOM1,C1719,P265,Start,0
103520,C1991$@DOM1,C1991,P16,Start,0
103520,C2379$@DOM1,C2379,P5,Start,0
103520,C2489$@DOM1,C2489,P140,End,0
103520,C2762$@DOM1,C2762,P25,Start,0
103520,C2855$@DOM1,C2855,P265,End,0
103520,C2855$@DOM1,C2855,P265,Start,0
103520,C2933$@DOM1,C2933,P16,Start,0
103520,C3280$@DOM1,C3280,P208,End,0
103520,C3280$@DOM1,C3280,P208,Start,0
103520,C3280$@DOM1,C3280,P5,End,0
103520,C3280$@DOM1,C3280,P5,Start,0
103520,C39$@DOM2,C39,P16,End,0
199891,LOCAL SERVICE@C1993,C1993,P17,Start,0
199891,LOCAL SERVICE@C1993,C1993,P5,End,0
199891,LOCAL SERVICE@C486,C486,P18,End,0
199891,LOCAL SERVICE@C486,C486,P18,Start,0
199891,LOCAL SERVICE@C486,C486,P5,End,0
199891,U154@C398,C398,P59,End,0
199891,U2047@DOM1,C6296,P13,End,0
199891,U226@DOM1,C2696,P34,Start,0
199891,U2358@DOM1,C6797,P34,Start,0
199891,U3083@DOM1,C8080,P501,Start,0
199891,U38@DOM1,C968,P34,Start,0
199891,U3965@DOM1,C10107,P1363,Start,0
199891,U3965@DOM1,C10107,P21,Start,0
199891,U3965@DOM1,C10107,P28,Start,0
199891,U3965@DOM1,C10107,P898,Start,0
199891,U4466@DOM1,C11143,P34,Start,0
199891,U7459@DOM1,C16293,P1220,Start,0
199891,U7459@DOM1,C16293,P4,Start,0
199891,U901@DOM1,C1007,P95,End,0
199892,C10138$@DOM1,C10138,P156,Start,0
199892,C10138$@DOM1,C10138,P268,Start,0
199892,C1050$@DOM1,C1050,P25,Start,0
199892,C1050$@DOM1,C1050,P5,Start,0
199892,C10995$@DOM1,C10995,P16,Start,0
199892,C11049$@DOM1,C11049,P16,Start,0
199892,C1173$@DOM1,C1173,P16,Start,0
199892,C118$@DOM1,C118,P16,Start,0
199892,C12515$@DOM1,C12515,P16,Start,0
199892,C12670$@DOM1,C12670,P5,Start,0
199892,C12675$@DOM1,C12675,P16,Start,0
199892,C1286$@DOM1,C1286,P16,Start,0
199892,C12945$@DOM1,C12945,P16,End,0
199892,C13234$@DOM1,C13234,P9,Start,0
199892,C1454$@DOM1,C1454,P16,Start,0
199892,C16214$@DOM1,C16214,P16,Start,0
199892,C1624$@DOM1,C1624,P21,End,0
199892,C1624$@DOM1,C1624,P21,Start,0
199892,C1624$@DOM1,C1624,P50,End,0
199892,C1624$@DOM1,C1624,P50,Start,0
199892,C1624$@DOM1,C1624,P86,End,0
199892,C1624$@DOM1,C1624,P86,Start,0
199892,C1625$@DOM1,C1625,P16,Start,0
199892,C16565$@DOM1,C16565,P16,Start,0
199892,C17135$@DOM1,C17135,P25,Start,0
199892,C1775$@DOM1,C1775,P16,Start,0
199892,C17770$@DOM1,C17770,P9,Start,0
199892,C236$@DOM1,C236,P12,Start,0
199892,C236$@DOM1,C236,P5,Start,0
199892,C2428$@DOM1,C2428,P16,Start,0
199892,C2428$@DOM1,C2428,P23,End,0
199892,C2428$@DOM1,C2428,P23,Start,0
199892,C2428$@DOM1,C2428,P24,End,0
199892,C2428$@DOM1,C2428,P24,Start,0
199892,C2653$@DOM1,C2653,P16,End,0
199892,C403$@DOM1,C403,P16,Start,0
199892,C489$@DOM1,C489,P101,Start,0
199892,C987$@DOM1,C987,P777,Start,0
199892,C492$@DOM1,C492,P81,End,0
199892,C5981$@DOM1,C5981,P16,Start,0
199892,C6493$@DOM1,C6493,P13,Start,0
199892,C6493$@DOM1,C6493,P14,Start,0
199892,C6507$@DOM1,C6507,P23,Start,0
199892,C6507$@DOM1,C6507,P24,Start,0
199892,C679$@DOM1,C679,P14,Start,0
199892,C6830$@DOM1,C6830,P5,Start,0
199892,C7002$@DOM1,C7002,P13,Start,0
199892,C7202$@DOM1,C7202,P16,Start,0
199892,C765$@DOM1,C765,P145,Start,0
199892,C765$@DOM1,C765,P5,End,0
199892,C765$@DOM1,C765,P5,Start,0
199892,C765$@DOM1,C765,P56,End,0
199892,C765$@DOM1,C765,P56,Start,0
199892,C8104$@DOM1,C8104,P13,Start,0
199892,C8104$@DOM1,C8104,P14,Start,0
199892,C8104$@DOM1,C8104,P9,Start,0
199892,C8705$@DOM1,C8705,P16,Start,0
199892,C964$@DOM1,C964,P16,Start,0
199892,U1935@DOM1,C6039,P491,Start,0
199892,U1948@DOM1,C6075,P306,Start,0
199892,U2472@DOM1,C6830,P23,Start,0
199892,U2472@DOM1,C6830,P24,Start,0
199892,U2799@DOM1,C7677,P34,Start,0
199892,U2890@DOM1,C7966,P1316,Start,0
199892,U2890@DOM1,C7966,P1317,Start,0
199892,U3735@DOM1,C9694,P152,Start,0
199892,U3735@DOM1,C9694,P247,Start,0
199892,U4726@DOM1,C11348,P34,Start,0
199892,U5356@DOM1,C12670,P501,Start,0
199892,U67@C35,C35,P59,End,0
199892,U67@C35,C35,P59,Start,0
199893,C10018$@DOM1,C10018,P16,Start,0
199893,C10093$@DOM1,C10093,P13,Start,0
199893,C10093$@DOM1,C10093,P14,Start,0
199893,C10107$@DOM1,C10107,P5,Start,0
199893,C1035$@DOM1,C1035,P37,End,0
199893,C1035$@DOM1,C1035,P37,Start,0
199893,C1035$@DOM1,C1035,P5,End,0
199893,C1035$@DOM1,C1035,P5,Start,0
199893,C11412$@DOM1,C11412,P13,Start,0
199893,C11412$@DOM1,C11412,P14,Start,0
199893,C11412$@DOM1,C11412,P16,Start,0
199893,C11694$@DOM1,C11694,P16,Start,0
199893,C12408$@DOM1,C12408,P16,Start,0
199893,C1406$@DOM1,C1406,P16,Start,0
199893,C14125$@DOM1,C14125,P16,Start,0
199893,C1439$@DOM1,C1439,P13,Start,0
199893,C1439$@DOM1,C1439,P14,Start,0
199893,C1460$@DOM1,C1460,P16,Start,0
199893,C150$@DOM1,C150,P16,Start,0
199893,C1541$@DOM1,C1541,P13,Start,0
199893,C1571$@DOM1,C1571,P16,Start,0
199893,C16352$@DOM1,C16352,P19,Start,0
199893,C16354$@DOM1,C16354,P23,Start,0
199893,C16354$@DOM1,C16354,P24,Start,0
199893,C16545$@DOM1,C16545,P16,Start,0
199893,C17240$@DOM1,C17240,P265,Start,0
199893,C2648$@DOM1,C2648,P16,Start,0
199893,C444$@DOM1,C444,P21,Start,0
199893,C486$@DOM1,C486,P10,Start,0
199893,C486$@DOM1,C486,P16,Start,0
199893,C486$@DOM1,C486,P211,Start,0
199893,C486$@DOM1,C486,P284,Start,0
199893,C555$@DOM1,C555,P16,Start,0
199893,C573$@DOM1,C573,P267,Start,0
199893,C6469$@DOM1,C6469,P16,Start,0
199893,C6515$@DOM1,C6515,P25,Start,0
199893,C6515$@DOM1,C6515,P5,Start,0
199893,C655$@DOM1,C655,P25,Start,0
199893,C655$@DOM1,C655,P5,Start,0
199893,C6977$@DOM1,C6977,P16,Start,0
199893,C7432$@DOM1,C7432,P16,Start,0
199893,C778$@DOM1,C778,P13,Start,0
199893,C778$@DOM1,C778,P14,Start,0
199893,C7873$@DOM1,C7873,P13,End,0
199893,C7873$@DOM1,C7873,P14,End,0
199893,C8080$@DOM1,C8080,P5,Start,0
199893,C8253$@DOM1,C8253,P16,Start,0
199893,C8657$@DOM1,C8657,P16,Start,0
199893,C9024$@DOM1,C9024,P16,Start,0
199893,C9389$@DOM1,C9389,P5,Start,0
199893,C9451$@DOM1,C9451,P16,Start,0
199893,C9451$@DOM1,C9451,P21,Start,0
199893,C9451$@DOM1,C9451,P214,Start,0
199893,C9451$@DOM1,C9451,P28,Start,0
199893,C9451$@DOM1,C9451,P29,Start,0
199893,C9451$@DOM1,C9451,P438,Start,0
199893,C9451$@DOM1,C9451,P439,Start,0
199893,C9451$@DOM1,C9451,P5,Start,0
199893,C9451$@DOM1,C9451,P57,Start,0
199893,C9451$@DOM1,C9451,P9,Start,0
199893,C9469$@DOM1,C9469,P13,Start,0
199893,C9469$@DOM1,C9469,P14,Start,0
199893,C968$@DOM1,C968,P16,Start,0
199893,C999$@DOM1,C999,P9,Start,0
199893,LOCAL SERVICE@C10107,C10107,P90,Start,0
199893,LOCAL SERVICE@C6524,C6524,P90,Start,0
199893,U3083@DOM1,C8080,P501,Start,0
199893,U3665@DOM1,C9389,P984,Start,0
199893,U3965@DOM1,C10107,P23,Start,0
199893,U5970@DOM1,C13640,P130,Start,0
199893,U67@C14768,C14768,P59,Start,0
199893,U7489@DOM1,C16352,P34,Start,0
199894,C10289$@DOM1,C10289,P1,Start,0
199894,C10289$@DOM1,C10289,P156,Start,0
199894,C10289$@DOM1,C10289,P211,Start,0
199894,C10289$@DOM1,C10289,P215,Start,0
199894,C10289$@DOM1,C10289,P216,Start,0
199894,C10289$@DOM1,C10289,P229,Start,0
199894,C10289$@DOM1,C10289,P23,Start,0
199894,C10289$@DOM1,C10289,P231,Start,0
199894,C10289$@DOM1,C10289,P233,Start,0
199894,C10289$@DOM1,C10289,P239,Start,0
199894,C10289$@DOM1,C10289,P279,Start,0
199894,C10289$@DOM1,C10289,P282,End,0
199894,C10289$@DOM1,C10289,P282,Start,0
199894,C10289$@DOM1,C10289,P453,Start,0
199894,C10289$@DOM1,C10289,P5,End,0
199894,C10289$@DOM1,C10289,P5,Start,0
199894,C10289$@DOM1,C10289,P83,Start,0
199894,C1042$@DOM1,C1042,P5,Start,0
199894,C10520$@DOM1,C10520,P16,Start,0
199894,C10898$@DOM1,C10898,P52,Start,0
199894,C10942$@DOM1,C10942,P16,Start,0
199894,C1213$@DOM1,C1213,P16,Start,0
199894,C12508$@DOM1,C12508,P16,Start,0
199894,C12670$@DOM1,C12670,P5,Start,0
199894,C13090$@DOM1,C13090,P16,Start,0
199894,C1329$@DOM1,C1329,P25,Start,0
199894,C1329$@DOM1,C1329,P5,Start,0
199894,C13705$@DOM1,C13705,P16,Start,0
199894,C14415$@DOM1,C14415,P25,Start,0
199894,C14415$@DOM1,C14415,P5,Start,0
199894,C1444$@DOM1,C1444,P16,Start,0
199894,C14806$@DOM1,C14806,P16,End,0
199894,C15371$@DOM1,C15371,P10,Start,0
199894,C15371$@DOM1,C15371,P2,Start,0
199894,C15371$@DOM1,C15371,P5,Start,0
199894,C15371$@DOM1,C15371,P6,Start,0
199894,C16426$@DOM1,C16426,P13,Start,0
199894,C16426$@DOM1,C16426,P14,Start,0
199894,C1824$@DOM1,C1824,P16,Start,0
199894,C1847$@DOM1,C1847,P25,End,0
199894,C1975$@DOM1,C1975,P16,Start,0
199894,C2161$@DOM1,C2161,P16,Start,0
199894,C2162$@DOM1,C2162,P47,End,0
199894,C236$@DOM1,C236,P12,Start,0
199894,C236$@DOM1,C236,P5,Start,0
199894,C2428$@DOM1,C2428,P23,End,0
199894,C2428$@DOM1,C2428,P23,Start,0
199894,C2428$@DOM1,C2428,P24,End,0
199894,C2428$@DOM1,C2428,P24,Start,0
199894,C2428$@DOM1,C2428,P48,Start,0
199894,C2428$@DOM1,C2428,P5,End,0
199894,C2428$@DOM1,C2428,P83,End,0
199894,C2428$@DOM1,C2428,P9,Start,0
199894,C3036$@DOM1,C3036,P16,Start,0
199894,C584$@DOM1,C584,P16,Start,0
199894,C5989$@DOM1,C5989,P4751,Start,0
199894,C6039$@DOM1,C6039,P131,Start,0
199894,C633$@DOM1,C633,P16,Start,0
199894,C6507$@DOM1,C6507,P23,End,0
199894,C6507$@DOM1,C6507,P23,Start,0
199894,C6507$@DOM1,C6507,P24,End,0
199894,C6507$@DOM1,C6507,P24,Start,0
199894,C6606$@DOM1,C6606,P25,Start,0
199894,C6606$@DOM1,C6606,P5,Start,0
199894,C7002$@DOM1,C7002,P14,Start,0
199894,C713$@DOM1,C713,P16,Start,0
199894,C7507$@DOM1,C7507,P16,Start,0
199894,C775$@DOM1,C775,P16,Start,0
199894,C7966$@DOM1,C7966,P131,Start,0
199894,C8030$@DOM1,C8030,P16,Start,0
199894,C8032$@DOM1,C8032,P13,Start,0
199894,C8032$@DOM1,C8032,P14,Start,0
199894,C9105$@DOM1,C9105,P1,Start,0
199894,C9281$@DOM1,C9281,P4,Start,0
199894,C9593$@DOM1,C9593,P16,Start,0
199894,C9618$@DOM1,C9618,P10,Start,0
199894,C9647$@DOM1,C9647,P16,Start,0
199894,C9647$@DOM1,C9647,P209,Start,0
199894,C9668$@DOM1,C9668,P13,Start,0
199894,C9741$@DOM1,C9741,P16,End,0
199894,LOCAL SERVICE@C10289,C10289,P90,Start,0
199894,LOCAL SERVICE@C1042,C1042,P22,End,0
199894,LOCAL SERVICE@C1042,C1042,P22,Start,0
199894,LOCAL SERVICE@C1042,C1042,P5,End,0
199894,U2205@DOM1,C6606,P153,Start,0
199894,U2472@DOM1,C6830,P24,Start,0
199894,U2767@DOM1,C7760,P51,Start,0
199894,U3229@DOM1,C8707,P51,Start,0
199894,U3245@DOM1,C8631,P51,Start,0
199894,U3735@DOM1,C9694,P247,Start,0
199894,U5356@DOM1,C12670,P501,Start,0
199894,U6944@DOM1,C12152,P34,Start,0
199894,U7648@DOM1,C16426,P258,Start,0
199895,C10107$@DOM1,C10107,P16,Start,0
199895,C10107$@DOM1,C10107,P4,Start,0
199895,C10123$@DOM1,C10123,P16,Start,0
199895,C10289$@DOM1,C10289,P23,End,0
199895,C10289$@DOM1,C10289,P23,Start,0
199895,C10289$@DOM1,C10289,P24,End,0
199895,C10289$@DOM1,C10289,P24,Start,0
199895,C10289$@DOM1,C10289,P282,End,0
199895,C10289$@DOM1,C10289,P5,End,0
199895,C10289$@DOM1,C10289,P5,Start,0
199895,C1035$@DOM1,C1035,P37,End,0
199895,C1035$@DOM1,C1035,P37,Start,0
199895,C1035$@DOM1,C1035,P5,End,0
199895,C1035$@DOM1,C1035,P5,Start,0
199895,C10470$@DOM1,C10470,P16,Start,0
199895,C13866$@DOM1,C13866,P16,Start,0
199895,C14435$@DOM1,C14435,P25,Start,0
199895,C14435$@DOM1,C14435,P5,Start,0
199895,C14848$@DOM1,C14848,P16,Start,0
199895,C1541$@DOM1,C1541,P14,Start,0
199895,C1542$@DOM1,C1542,P25,Start,0
199895,C1542$@DOM1,C1542,P5,Start,0
199895,C1550$@DOM1,C1550,P16,Start,0
199895,C16188$@DOM1,C16188,P16,Start,0
199895,C16354$@DOM1,C16354,P24,Start,0
199895,C16443$@DOM1,C16443,P25,Start,0
199895,C16443$@DOM1,C16443,P5,Start,0
199895,C1654$@DOM1,C1654,P21,End,0
199895,C1654$@DOM1,C1654,P21,Start,0
199895,C1654$@DOM1,C1654,P54,End,0
199895,C1654$@DOM1,C1654,P54,Start,0
199895,C16790$@DOM1,C16790,P25,Start,0
199895,C16790$@DOM1,C16790,P5,Start,0
199895,C1692$@DOM1,C1692,P61,Start,0
199895,C1707$@DOM1,C1707,P60,End,0
199895,C1707$@DOM1,C1707,P60,Start,0
199895,C1707$@DOM1,C1707,P63,End,0
199895,U344@DOM1,C486,P165,Start,0
199895,U344@DOM1,C486,P167,Start,0
199895,U344@DOM1,C486,P168,Start,0
199895,U344@DOM1,C486,P169,End,0
199895,U344@DOM1,C486,P21,End,0
199895,U344@DOM1,C486,P21,Start,0
199895,U344@DOM1,C486,P285,End,0
199895,U344@DOM1,C486,P285,Start,0
199895,U344@DOM1,C486,P286,End,0
199895,U344@DOM1,C486,P286,Start,0
199895,U344@DOM1,C486,P287,End,0
199895,U344@DOM1,C486,P287,Start,0
199895,U344@DOM1,C486,P288,End,0
199895,U344@DOM1,C486,P288,Start,0
199895,U344@DOM1,C486,P289,Start,0
199895,U344@DOM1,C486,P5,End,0
199895,U3805@DOM1,C9818,P34,Start,0
199895,U3965@DOM1,C10107,P24,Start,0
199895,U3965@DOM1,C10107,P28,Start,0
199895,U4559@DOM1,C3155,P34,Start,0
199895,U4620@DOM1,C9170,P1314,End,0
199895,U4645@DOM1,C11412,P51,Start,0
199895,U5970@DOM1,C13640,P130,Start,0
199895,U8261@DOM1,C17783,P13,End,0
199896,C1006$@DOM1,C1006,P25,End,0
199896,C1006$@DOM1,C1006,P25,Start,0
199896,C10340$@DOM1,C10340,P16,Start,0
199896,C11451$@DOM1,C11451,P16,Start,0
199896,C12670$@DOM1,C12670,P5,Start,0
199896,C13234$@DOM1,C13234,P9,Start,0
199896,C13715$@DOM1,C13715,P16,Start,0
199896,C14575$@DOM1,C14575,P16,Start,0
199896,C14685$@DOM1,C14685,P25,Start,0
199896,C14685$@DOM1,C14685,P5,Start,0
199896,C1532$@DOM1,C1532,P59,Start,0
199896,C21$@DOM1,C21,P16,Start,0
199896,C2125$@DOM1,C2125,P21,Start,0
199896,C2263$@DOM1,C2263,P16,Start,0
199896,C2428$@DOM1,C2428,P9,Start,0
199896,C2877$@DOM1,C2877,P13,Start,0
199896,C389$@DOM1,C389,P16,Start,0
199896,C6290$@DOM1,C6290,P16,Start,0
199896,C6507$@DOM1,C6507,P23,End,0
199896,C6507$@DOM1,C6507,P24,End,0
199896,C6507$@DOM1,C6507,P24,Start,0
