time,user@domain,computer,process_name,start_end
199896,C6507$@DOM1,C6507,P5,End
199896,C6507$@DOM1,C6507,P83,End
199896,C6869$@DOM1,C6869,P16,Start
199896,C7002$@DOM1,C7002,P16,Start
199896,C7466$@DOM1,C7466,P83,Start
199896,C7732$@DOM1,C7732,P169,Start
199896,C815$@DOM1,C815,P30,End
199896,C815$@DOM1,C815,P30,Start
199896,C8331$@DOM1,C8331,P16,Start
199896,C9281$@DOM1,C9281,P4,Start
199896,C9562$@DOM1,C9562,P10,Start
199896,C9647$@DOM1,C9647,P10,Start
199896,C9647$@DOM1,C9647,P13,Start
199896,C9647$@DOM1,C9647,P169,Start
199896,C9647$@DOM1,C9647,P211,Start
199896,C9647$@DOM1,C9647,P44,Start
199896,C9668$@DOM1,C9668,P14,Start
199896,C9704$@DOM1,C9704,P10,Start
199896,LOCAL SERVICE@C1403,C1403,P90,End
199896,LOCAL SERVICE@C1555,C1555,P8,End
199896,U1185@DOM1,C493,P373,Start
199896,U2585@DOM1,C7274,P258,Start
199896,U3124@DOM1,C8435,P152,Start
199896,U3180@DOM1,C8609,P153,Start
199896,U32@DOM1,C815,P28,Start
199896,U32@DOM1,C815,P29,Start
199896,U4250@DOM1,C10523,P153,Start
199896,U5356@DOM1,C12670,P501,Start
199896,U67@C1723,C1723,P59,End
199896,U67@C1723,C1723,P59,Start
199896,U7648@DOM1,C16426,P258,Start
199897,C10289$@DOM1,C10289,P1,Start
199897,C10289$@DOM1,C10289,P245,Start
199897,C1035$@DOM1,C1035,P37,Start
199897,C1035$@DOM1,C1035,P5,Start
199897,C11585$@DOM1,C11585,P16,Start
199897,C11825$@DOM1,C11825,P16,Start
199897,C11886$@DOM1,C11886,P13,Start
199897,C11886$@DOM1,C11886,P14,Start
199897,C12824$@DOM1,C12824,P16,Start
199897,C13179$@DOM1,C13179,P16,Start
199897,C13711$@DOM1,C13711,P16,Start
199897,C13985$@DOM1,C13985,P13,Start
199897,C13985$@DOM1,C13985,P14,Start
199897,C14317$@DOM1,C14317,P16,Start
199897,C14429$@DOM1,C14429,P16,Start
199897,C15457$@DOM1,C15457,P13,Start
199897,C15457$@DOM1,C15457,P14,Start
199897,C1624$@DOM1,C1624,P21,End
199897,C1624$@DOM1,C1624,P50,End
199897,C1624$@DOM1,C1624,P50,Start
199897,C1624$@DOM1,C1624,P86,End
199897,C16352$@DOM1,C16352,P19,Start
199897,C16516$@DOM1,C16516,P16,Start
199897,C17135$@DOM1,C17135,P25,End
199897,C17240$@DOM1,C17240,P265,Start
199897,C1750$@DOM1,C1750,P25,End
199897,C1750$@DOM1,C1750,P25,Start
199897,C17788$@DOM1,C17788,P13,Start
199897,C1883$@DOM1,C1883,P59,End
199897,C1883$@DOM1,C1883,P59,Start
199897,C199$@DOM1,C199,P16,Start
199897,C2047$@DOM1,C2047,P16,Start
199897,C273$@DOM1,C273,P16,Start
199897,C3282$@DOM1,C3282,P16,Start
199897,C3374$@DOM1,C3374,P13,Start
199897,C486$@DOM1,C486,P159,Start
199897,C486$@DOM1,C486,P16,Start
199897,C6524$@DOM1,C6524,P16,Start
199897,C762$@DOM1,C762,P16,Start
199897,C7689$@DOM1,C7689,P23,Start
199897,C7689$@DOM1,C7689,P5,Start
199897,C7689$@DOM1,C7689,P83,Start
199897,C8080$@DOM1,C8080,P5,Start
199897,C883$@DOM1,C883,P16,End
199897,C898$@DOM1,C898,P13,Start
199897,C898$@DOM1,C898,P14,Start
199897,C9072$@DOM1,C9072,P13,Start
199897,C9072$@DOM1,C9072,P14,Start
199897,C9103$@DOM1,C9103,P16,Start
199897,C935$@DOM1,C935,P16,Start
199897,C9368$@DOM1,C9368,P25,Start
199897,C9368$@DOM1,C9368,P5,Start
199897,C9451$@DOM1,C9451,P9,Start
199897,C9477$@DOM1,C9477,P25,Start
199897,C9477$@DOM1,C9477,P5,Start
199897,C999$@DOM1,C999,P9,Start
199897,LOCAL SERVICE@C486,C486,P90,Start
199897,LOCAL SERVICE@C8548,C8548,P14,End
199897,NETWORK SERVICE@C2901,C2901,P9,End
199897,U11@DOM1,C318,P34,End
199897,U3083@DOM1,C8080,P501,Start
199897,U344@DOM1,C486,P125,End
199897,U344@DOM1,C486,P125,Start
199897,U344@DOM1,C486,P159,End
199897,U344@DOM1,C486,P159,Start
199897,U344@DOM1,C486,P160,Start
199897,U344@DOM1,C486,P161,Start
199897,U344@DOM1,C486,P162,Start
199897,U344@DOM1,C486,P21,End
199897,U344@DOM1,C486,P214,End
199897,U344@DOM1,C486,P214,Start
199897,U344@DOM1,C486,P289,End
199897,U344@DOM1,C486,P290,End
199897,U344@DOM1,C486,P290,Start
199897,U344@DOM1,C486,P291,Start
199897,U344@DOM1,C486,P292,Start
199897,U344@DOM1,C486,P5,End
199897,U67@C1933,C1933,P59,End
199897,U67@C1933,C1933,P59,Start
199898,C101$@DOM1,C101,P16,Start
199898,C10289$@DOM1,C10289,P23,Start
199898,C10289$@DOM1,C10289,P5,Start
199898,C10572$@DOM1,C10572,P91,Start
199898,C10792$@DOM1,C10792,P16,Start
199898,C10878$@DOM1,C10878,P16,Start
199898,C11184$@DOM1,C11184,P16,Start
199898,C11441$@DOM1,C11441,P16,Start
199898,C1173$@DOM1,C1173,P16,End
199898,C12670$@DOM1,C12670,P5,Start
199898,C12816$@DOM1,C12816,P16,Start
199898,C1382$@DOM1,C1382,P5,Start
199898,C15339$@DOM1,C15339,P16,Start
199898,C1647$@DOM1,C1647,P16,Start
199898,C1685$@DOM1,C1685,P5,End
199898,C1685$@DOM1,C1685,P5,Start
199898,C1685$@DOM1,C1685,P60,End
199898,C1685$@DOM1,C1685,P60,Start
199898,C1685$@DOM1,C1685,P63,End
199898,C1685$@DOM1,C1685,P63,Start
199898,C1978$@DOM1,C1978,P9,Start
199898,C2164$@DOM1,C2164,P16,Start
199898,C236$@DOM1,C236,P12,Start
199898,C236$@DOM1,C236,P5,Start
199898,C241$@DOM1,C241,P23,End
199898,C241$@DOM1,C241,P23,Start
199898,C241$@DOM1,C241,P24,End
199898,C241$@DOM1,C241,P24,Start
199898,C241$@DOM1,C241,P5,End
199898,C241$@DOM1,C241,P5,Start
199898,C2428$@DOM1,C2428,P16,End
199898,C2704$@DOM1,C2704,P16,Start
199898,C2877$@DOM1,C2877,P14,Start
199898,C384$@DOM1,C384,P16,Start
199898,C493$@DOM1,C493,P1,Start
199898,C6102$@DOM1,C6102,P13,Start
199898,C6102$@DOM1,C6102,P14,Start
199898,C617$@DOM1,C617,P16,Start
199898,C701$@DOM1,C701,P16,Start
199898,C718$@DOM1,C718,P16,Start
199898,C7511$@DOM1,C7511,P16,Start
199898,C765$@DOM1,C765,P5,End
199898,C765$@DOM1,C765,P5,Start
199898,C765$@DOM1,C765,P56,End
199898,C765$@DOM1,C765,P56,Start
199898,C8707$@DOM1,C8707,P13,Start
199898,C8732$@DOM1,C8732,P14,Start
199898,C9647$@DOM1,C9647,P14,Start
199898,C9647$@DOM1,C9647,P171,Start
199898,C9647$@DOM1,C9647,P212,Start
199898,C9647$@DOM1,C9647,P5,Start
199898,C976$@DOM1,C976,P16,Start
199898,LOCAL SERVICE@C1382,C1382,P17,End
199898,LOCAL SERVICE@C1382,C1382,P17,Start
199898,LOCAL SERVICE@C1382,C1382,P18,End
199898,LOCAL SERVICE@C1382,C1382,P18,Start
199898,LOCAL SERVICE@C1382,C1382,P5,End
199898,U1891@DOM1,C5981,P34,Start
199898,U2435@DOM1,C6967,P34,Start
199898,U24@DOM1,C1770,P111,End
199898,U2585@DOM1,C7274,P258,Start
199898,U2671@DOM1,C1848,P2723,End
199898,U3124@DOM1,C8435,P247,Start
199898,U3690@DOM1,C9647,P168,Start
199898,U3690@DOM1,C9647,P21,Start
199898,U3690@DOM1,C9647,P214,Start
199898,U5356@DOM1,C12670,P501,Start
199899,C10107$@DOM1,C10107,P16,Start
199899,C10107$@DOM1,C10107,P4,Start
199899,C10289$@DOM1,C10289,P10,Start
199899,C10289$@DOM1,C10289,P23,End
199899,C10289$@DOM1,C10289,P24,End
199899,C10289$@DOM1,C10289,P24,Start
199899,C10289$@DOM1,C10289,P5,End
199899,C10289$@DOM1,C10289,P5,Start
199899,C10289$@DOM1,C10289,P83,Start
199899,C1035$@DOM1,C1035,P37,End
199899,C1035$@DOM1,C1035,P37,Start
199899,C1035$@DOM1,C1035,P5,End
199899,C1035$@DOM1,C1035,P5,Start
199899,C12837$@DOM1,C12837,P782,Start
199899,C14231$@DOM1,C14231,P16,Start
199899,C1438$@DOM1,C1438,P25,End
199899,C1438$@DOM1,C1438,P25,Start
199899,C1438$@DOM1,C1438,P5,End
199899,C1438$@DOM1,C1438,P5,Start
199899,C14848$@DOM1,C14848,P260,Start
199899,C15889$@DOM1,C15889,P16,Start
199899,C1646$@DOM1,C1646,P119,Start
199899,C1661$@DOM1,C1661,P16,Start
199899,C16665$@DOM1,C16665,P16,Start
199899,C16814$@DOM1,C16814,P16,Start
199899,C17240$@DOM1,C17240,P265,Start
199899,C17378$@DOM1,C17378,P16,End
199899,C17788$@DOM1,C17788,P14,Start
199899,C1980$@DOM1,C1980,P16,Start
199899,C2255$@DOM1,C2255,P16,Start
199899,C2527$@DOM1,C2527,P95,Start
199899,C3149$@DOM1,C3149,P47,Start
199899,C3639$@DOM1,C3639,P16,End
199899,C415$@DOM1,C415,P16,Start
199899,C4308$@DOM1,C4308,P16,Start
199899,C4655$@DOM1,C4655,P13,Start
199899,C4655$@DOM1,C4655,P14,Start
199899,C486$@DOM1,C486,P16,End
199899,C64$@DOM1,C64,P16,Start
199899,C6467$@DOM1,C6467,P16,Start
199899,C6957$@DOM1,C6957,P16,Start
199899,C7546$@DOM1,C7546,P16,End
199899,C7689$@DOM1,C7689,P23,Start
199899,C7689$@DOM1,C7689,P24,Start
199899,C7732$@DOM1,C7732,P57,Start
199899,C7732$@DOM1,C7732,P9,Start
199899,C8064$@DOM1,C8064,P16,Start
199899,C8080$@DOM1,C8080,P5,Start
199899,C92$@DOM1,C92,P209,Start
199899,C9389$@DOM1,C9389,P5,Start
199899,C9661$@DOM1,C9661,P740,Start
199899,U1295@C2527,C2527,P95,End
199899,U2856@DOM1,C7891,P152,Start
199899,U3083@DOM1,C8080,P501,Start
199899,U344@DOM1,C486,P284,End
199899,U3665@DOM1,C9389,P984,Start
199899,U5412@DOM1,C12837,P782,End
199899,U949@DOM1,C810,P107,Start
199900,C10289$@DOM1,C10289,P10,End
199900,C111$@DOM1,C111,P16,Start
199900,C11374$@DOM1,C11374,P16,Start
199900,C12670$@DOM1,C12670,P5,Start
199900,C1271$@DOM1,C1271,P16,Start
199900,C1301$@DOM1,C1301,P16,Start
199900,C13205$@DOM1,C13205,P16,Start
199900,C1368$@DOM1,C1368,P13,Start
199900,C1368$@DOM1,C1368,P14,Start
199900,C138$@DOM1,C138,P16,Start
199900,C1451$@DOM1,C1451,P16,Start
199900,C14519$@DOM1,C14519,P16,Start
199900,C1478$@DOM1,C1478,P16,Start
199900,C1707$@DOM1,C1707,P60,End
199900,C1707$@DOM1,C1707,P60,Start
199900,C1707$@DOM1,C1707,P63,End
199900,C1707$@DOM1,C1707,P63,Start
199900,C17783$@DOM1,C17783,P13,Start
199900,C1847$@DOM1,C1847,P25,End
199900,C1847$@DOM1,C1847,P25,Start
199900,C2254$@DOM1,C2254,P5,Start
199900,C241$@DOM1,C241,P23,End
199900,C241$@DOM1,C241,P5,End
199900,C2744$@DOM1,C2744,P158,Start
199900,C3333$@DOM1,C3333,P16,Start
199900,C422$@DOM1,C422,P10,Start
199900,C5$@DOM1,C5,P452,Start
199900,C523$@DOM1,C523,P261,End
199900,C523$@DOM1,C523,P261,Start
199900,C532$@DOM1,C532,P16,Start
199900,C633$@DOM1,C633,P16,End
199900,C6606$@DOM1,C6606,P9,Start
199900,C6761$@DOM1,C6761,P25,Start
199900,C6761$@DOM1,C6761,P5,Start
199900,C7270$@DOM1,C7270,P14,Start
199900,C79$@DOM1,C79,P16,Start
199900,C8007$@DOM1,C8007,P16,Start
199900,C8092$@DOM1,C8092,P16,Start
199900,C8151$@DOM1,C8151,P21,Start
199900,C8151$@DOM1,C8151,P86,Start
199900,C9184$@DOM1,C9184,P16,Start
199900,C9460$@DOM1,C9460,P25,Start
199900,C9460$@DOM1,C9460,P5,Start
199900,LOCAL SERVICE@C2254,C2254,P22,End
199900,LOCAL SERVICE@C2254,C2254,P22,Start
199900,LOCAL SERVICE@C2254,C2254,P5,End
199900,LOCAL SERVICE@C7125,C7125,P90,Start
199900,LOCAL SERVICE@C9647,C9647,P90,Start
199900,NETWORK SERVICE@C1747,C1747,P9,End
199900,U174@DOM1,C2341,P34,Start
199900,U2322@DOM1,C6754,P130,Start
199900,U2585@DOM1,C7274,P258,Start
199900,U2799@DOM1,C7677,P34,End
199900,U3124@DOM1,C8435,P247,Start
199900,U3245@DOM1,C8631,P51,End
199900,U3410@DOM1,C9087,P258,Start
199900,U5356@DOM1,C12670,P501,Start
199901,C1005$@DOM1,C1005,P13,Start
199901,C1005$@DOM1,C1005,P14,Start
199901,C10107$@DOM1,C10107,P82,Start
199901,C10289$@DOM1,C10289,P23,End
199901,C10289$@DOM1,C10289,P23,Start
199901,C10289$@DOM1,C10289,P24,End
199901,C10289$@DOM1,C10289,P24,Start
199901,C1035$@DOM1,C1035,P37,End
199901,C1035$@DOM1,C1035,P37,Start
199901,C1035$@DOM1,C1035,P5,End
199901,C1035$@DOM1,C1035,P5,Start
199901,C11296$@DOM1,C11296,P28,Start
199901,C11296$@DOM1,C11296,P29,Start
199901,C11296$@DOM1,C11296,P5,Start
199901,C11412$@DOM1,C11412,P16,Start
199901,C11819$@DOM1,C11819,P16,Start
199901,C121$@DOM1,C121,P16,Start
199901,C12170$@DOM1,C12170,P16,Start
199901,C1233$@DOM1,C1233,P257,Start
199901,C14176$@DOM1,C14176,P16,Start
199901,C1438$@DOM1,C1438,P16,Start
199901,C1567$@DOM1,C1567,P5,Start
199901,C16088$@DOM1,C16088,P25,Start
199901,C16088$@DOM1,C16088,P5,Start
199901,C16790$@DOM1,C16790,P16,Start
199901,C1692$@DOM1,C1692,P61,End
199901,C1692$@DOM1,C1692,P62,End
199901,C1692$@DOM1,C1692,P62,Start
199901,C1692$@DOM1,C1692,P64,End
199901,C1692$@DOM1,C1692,P64,Start
199901,C17240$@DOM1,C17240,P265,Start
199901,C17794$@DOM1,C17794,P131,Start
199901,C3491$@DOM1,C3491,P16,Start
199901,C486$@DOM1,C486,P5,Start
199901,C72$@DOM1,C72,P16,End
199901,C734$@DOM1,C734,P13,Start
199901,C734$@DOM1,C734,P14,Start
199901,C7466$@DOM1,C7466,P23,End
199901,C7466$@DOM1,C7466,P23,Start
199901,C7466$@DOM1,C7466,P24,End
199901,C7466$@DOM1,C7466,P24,Start
199901,C750$@DOM1,C750,P16,Start
199901,C7732$@DOM1,C7732,P214,Start
199901,C7732$@DOM1,C7732,P57,Start
199901,C7732$@DOM1,C7732,P9,Start
199901,C8080$@DOM1,C8080,P5,Start
199901,C8713$@DOM1,C8713,P16,Start
199901,C901$@DOM1,C901,P1,End
199901,C9028$@DOM1,C9028,P13,Start
199901,C9028$@DOM1,C9028,P14,Start
199901,C9046$@DOM1,C9046,P13,Start
199901,C9170$@DOM1,C9170,P95,End
199901,C92$@DOM1,C92,P209,End
199901,LOCAL SERVICE@C1567,C1567,P17,End
199901,LOCAL SERVICE@C1567,C1567,P17,Start
199901,LOCAL SERVICE@C1567,C1567,P5,End
199901,LOCAL SERVICE@C3888,C3888,P9,End
199901,U2299@DOM1,C6694,P152,Start
199901,U2856@DOM1,C7891,P247,Start
199901,U2904@DOM1,C7786,P51,Start
199901,U3083@DOM1,C8080,P501,Start
199901,U32@DOM1,C815,P28,End
199901,U32@DOM1,C815,P29,End
199901,U344@DOM1,C486,P293,End
199901,U344@DOM1,C486,P293,Start
199901,U344@DOM1,C486,P5,End
199901,U3965@DOM1,C10107,P822,Start
199902,C101$@DOM1,C101,P16,End
199902,C1048$@DOM1,C1048,P16,Start
199902,C10518$@DOM1,C10518,P13,Start
199902,C10518$@DOM1,C10518,P14,Start
199902,C11766$@DOM1,C11766,P1,Start
199902,C11766$@DOM1,C11766,P1005,Start
199902,C11766$@DOM1,C11766,P1009,Start
199902,C11766$@DOM1,C11766,P1011,Start
199902,C11766$@DOM1,C11766,P156,Start
199902,C11766$@DOM1,C11766,P211,Start
199902,C11766$@DOM1,C11766,P215,Start
199902,C11766$@DOM1,C11766,P216,Start
199902,C11766$@DOM1,C11766,P229,Start
199902,C11766$@DOM1,C11766,P23,Start
199902,C11766$@DOM1,C11766,P231,Start
199902,C11766$@DOM1,C11766,P233,Start
199902,C11766$@DOM1,C11766,P239,Start
199902,C11766$@DOM1,C11766,P245,Start
199902,C11766$@DOM1,C11766,P255,Start
199902,C11766$@DOM1,C11766,P279,Start
199902,C11766$@DOM1,C11766,P28,Start
199902,C11766$@DOM1,C11766,P282,End
199902,C11766$@DOM1,C11766,P282,Start
199902,C11766$@DOM1,C11766,P29,Start
199902,C11766$@DOM1,C11766,P439,Start
199902,C11766$@DOM1,C11766,P454,Start
199902,C11766$@DOM1,C11766,P5,End
199902,C11766$@DOM1,C11766,P5,Start
199902,C11766$@DOM1,C11766,P573,Start
199902,C11766$@DOM1,C11766,P760,Start
199902,C11766$@DOM1,C11766,P83,Start
199902,C11766$@DOM1,C11766,P892,End
199902,C11766$@DOM1,C11766,P892,Start
199902,C1200$@DOM1,C1200,P21,End
199902,C1200$@DOM1,C1200,P21,Start
199902,C1200$@DOM1,C1200,P27,Start
199902,C1200$@DOM1,C1200,P5,Start
199902,C12670$@DOM1,C12670,P5,Start
199902,C13715$@DOM1,C13715,P16,End
199902,C1432$@DOM1,C1432,P21,End
199902,C1432$@DOM1,C1432,P21,Start
199902,C1432$@DOM1,C1432,P86,End
199902,C1432$@DOM1,C1432,P86,Start
199902,C1624$@DOM1,C1624,P50,End
199902,C1624$@DOM1,C1624,P50,Start
199902,C16268$@DOM1,C16268,P13,Start
199902,C16268$@DOM1,C16268,P14,Start
199902,C16358$@DOM1,C16358,P16,Start
199902,C16463$@DOM1,C16463,P117,Start
199902,C16816$@DOM1,C16816,P16,Start
199902,C1711$@DOM1,C1711,P16,Start
199902,C1723$@DOM1,C1723,P59,End
199902,C1723$@DOM1,C1723,P59,Start
199902,C17601$@DOM1,C17601,P16,Start
199902,C2125$@DOM1,C2125,P21,End
199902,C2125$@DOM1,C2125,P21,Start
199902,C2125$@DOM1,C2125,P54,End
199902,C2125$@DOM1,C2125,P54,Start
199902,C2292$@DOM1,C2292,P16,Start
199902,C256$@DOM1,C256,P16,Start
199902,C3076$@DOM1,C3076,P16,Start
199902,C3748$@DOM1,C3748,P16,Start
199902,C474$@DOM1,C474,P16,Start
199902,C523$@DOM1,C523,P261,End
199902,C523$@DOM1,C523,P261,Start
199902,C5989$@DOM1,C5989,P4751,Start
199902,C6589$@DOM1,C6589,P25,Start
199902,C6589$@DOM1,C6589,P5,Start
199902,C6799$@DOM1,C6799,P13,Start
199902,C6799$@DOM1,C6799,P14,Start
199902,C742$@DOM1,C742,P5,Start
199902,C765$@DOM1,C765,P5,End
199902,C765$@DOM1,C765,P5,Start
199902,C765$@DOM1,C765,P56,End
199902,C765$@DOM1,C765,P56,Start
199902,C7693$@DOM1,C7693,P16,Start
199902,C8159$@DOM1,C8159,P16,Start
199902,C914$@DOM1,C914,P16,Start
199902,C9647$@DOM1,C9647,P10,Start
199902,LOCAL SERVICE@C11766,C11766,P90,Start
199902,LOCAL SERVICE@C742,C742,P18,End
199902,LOCAL SERVICE@C742,C742,P18,Start
199902,LOCAL SERVICE@C742,C742,P5,End
199902,LOCAL SERVICE@C8435,C8435,P90,Start
199902,U2585@DOM1,C7274,P153,Start
199902,U3410@DOM1,C9087,P258,Start
199902,U3410@DOM1,C9087,P665,Start
199902,U344@DOM1,C486,P16,End
199902,U5356@DOM1,C12670,P501,Start
199903,C10289$@DOM1,C10289,P23,End
199903,C10289$@DOM1,C10289,P23,Start
199903,C10289$@DOM1,C10289,P24,End
199903,C10289$@DOM1,C10289,P24,Start
199903,C10289$@DOM1,C10289,P5,End
199903,C10289$@DOM1,C10289,P83,End
199903,C1035$@DOM1,C1035,P37,Start
199903,C1035$@DOM1,C1035,P5,Start
199903,C10482$@DOM1,C10482,P16,Start
199903,C11244$@DOM1,C11244,P16,Start
199903,C11311$@DOM1,C11311,P21,Start
199903,C11311$@DOM1,C11311,P86,Start
199903,C1139$@DOM1,C1139,P5,Start
199903,C11412$@DOM1,C11412,P13,Start
199903,C11421$@DOM1,C11421,P16,Start
199903,C11766$@DOM1,C11766,P10,End
199903,C11766$@DOM1,C11766,P10,Start
199903,C11766$@DOM1,C11766,P131,Start
199903,C11766$@DOM1,C11766,P23,End
199903,C11766$@DOM1,C11766,P23,Start
199903,C11766$@DOM1,C11766,P24,End
199903,C11766$@DOM1,C11766,P24,Start
199903,C11766$@DOM1,C11766,P5,End
199903,C11766$@DOM1,C11766,P5,Start
199903,C11766$@DOM1,C11766,P83,Start
199903,C1233$@DOM1,C1233,P25,Start
199903,C1233$@DOM1,C1233,P5,Start
199903,C12432$@DOM1,C12432,P16,Start
199903,C14445$@DOM1,C14445,P16,Start
199903,C14670$@DOM1,C14670,P16,Start
199903,C1492$@DOM1,C1492,P16,Start
199903,C15342$@DOM1,C15342,P16,Start
199903,C1567$@DOM1,C1567,P5,Start
199903,C16088$@DOM1,C16088,P265,Start
199903,C16218$@DOM1,C16218,P16,Start
199903,C17240$@DOM1,C17240,P265,Start
199903,C2046$@DOM1,C2046,P41,Start
199903,C2504$@DOM1,C2504,P16,Start
199903,C2659$@DOM1,C2659,P25,Start
199903,C2659$@DOM1,C2659,P5,Start
199903,C3374$@DOM1,C3374,P14,Start
199903,C338$@DOM1,C338,P9,Start
199903,C444$@DOM1,C444,P21,Start
199903,C6275$@DOM1,C6275,P16,Start
199903,C6731$@DOM1,C6731,P13,Start
199903,C6731$@DOM1,C6731,P14,Start
199903,C7732$@DOM1,C7732,P16,Start
199903,C7732$@DOM1,C7732,P21,Start
199903,C7732$@DOM1,C7732,P28,Start
199903,C7732$@DOM1,C7732,P29,Start
199903,C7732$@DOM1,C7732,P439,Start
199903,C7732$@DOM1,C7732,P5,Start
199903,C7786$@DOM1,C7786,P13,Start
199903,C802$@DOM1,C802,P59,Start
199903,C8080$@DOM1,C8080,P5,Start
199903,C8324$@DOM1,C8324,P16,Start
199903,C8420$@DOM1,C8420,P16,Start
199903,C8739$@DOM1,C8739,P16,Start
199903,C9046$@DOM1,C9046,P14,Start
199903,C92$@DOM1,C92,P16,Start
199903,C9389$@DOM1,C9389,P5,Start
199903,C9458$@DOM1,C9458,P25,Start
199903,C9458$@DOM1,C9458,P5,Start
199903,LOCAL SERVICE@C1139,C1139,P17,End
199903,LOCAL SERVICE@C1139,C1139,P17,Start
199903,LOCAL SERVICE@C1139,C1139,P18,End
199903,LOCAL SERVICE@C1139,C1139,P18,Start
199903,LOCAL SERVICE@C1139,C1139,P5,End
199903,LOCAL SERVICE@C13039,C13039,P90,Start
199903,LOCAL SERVICE@C1467,C1467,P90,Start
199903,LOCAL SERVICE@C1567,C1567,P18,End
199903,LOCAL SERVICE@C1567,C1567,P18,Start
199903,LOCAL SERVICE@C1567,C1567,P5,End
199903,LOCAL SERVICE@C7891,C7891,P90,Start
199903,NETWORK SERVICE@C616,C616,P9,End
199903,U1958@DOM1,C3139,P258,Start
199903,U2529@DOM1,C7219,P130,Start
199903,U2856@DOM1,C7891,P247,Start
199903,U3083@DOM1,C8080,P501,Start
199903,U3665@DOM1,C9389,P984,Start
199903,U4516@DOM1,C11134,P258,Start
199903,U5075@DOM1,C12051,P152,Start
199903,U7726@DOM1,C16806,P34,Start
199904,C10156$@DOM1,C10156,P16,Start
199904,C10399$@DOM1,C10399,P16,Start
199904,C12168$@DOM1,C12168,P16,Start
199904,C1233$@DOM1,C1233,P9,Start
199904,C12670$@DOM1,C12670,P5,Start
199904,C12816$@DOM1,C12816,P16,End
199904,C12837$@DOM1,C12837,P25,End
199904,C12837$@DOM1,C12837,P25,Start
199904,C12854$@DOM1,C12854,P25,Start
199904,C12854$@DOM1,C12854,P5,Start
199904,C13234$@DOM1,C13234,P9,Start
199904,C1359$@DOM1,C1359,P16,Start
199904,C1383$@DOM1,C1383,P16,Start
199904,C1432$@DOM1,C1432,P21,End
199904,C1432$@DOM1,C1432,P86,End
199904,C1443$@DOM1,C1443,P13,Start
199904,C1443$@DOM1,C1443,P14,Start
199904,C15276$@DOM1,C15276,P16,Start
199904,C15339$@DOM1,C15339,P16,End
199904,C1685$@DOM1,C1685,P5,End
199904,C1685$@DOM1,C1685,P5,Start
199904,C1685$@DOM1,C1685,P60,End
199904,C1685$@DOM1,C1685,P60,Start
199904,C17564$@DOM1,C17564,P16,Start
199904,C203$@DOM1,C203,P16,Start
199904,C2095$@DOM1,C2095,P21,Start
199904,C2095$@DOM1,C2095,P86,Start
199904,C2245$@DOM1,C2245,P119,Start
199904,C236$@DOM1,C236,P12,Start
199904,C236$@DOM1,C236,P5,Start
199904,C2542$@DOM1,C2542,P265,Start
199904,C2820$@DOM1,C2820,P16,Start
199904,C3570$@DOM1,C3570,P9,Start
199904,C3610$@DOM1,C3610,P16,Start
199904,C6897$@DOM1,C6897,P14,End
199904,C6897$@DOM1,C6897,P14,Start
199904,C701$@DOM1,C701,P16,End
199904,C7274$@DOM1,C7274,P16,Start
199904,C7760$@DOM1,C7760,P13,Start
199904,C7800$@DOM1,C7800,P16,Start
199904,C8007$@DOM1,C8007,P16,End
199904,C9087$@DOM1,C9087,P13,Start
199904,C9471$@DOM1,C9471,P25,Start
199904,C9471$@DOM1,C9471,P5,Start
199904,C9647$@DOM1,C9647,P4,Start
199904,LOCAL SERVICE@C1483,C1483,P90,Start
199904,LOCAL SERVICE@C523,C523,P9,End
199904,U169@C1646,C1646,P119,End
199904,U2784@DOM1,C7270,P107,Start
199904,U3410@DOM1,C9087,P665,Start
199904,U5356@DOM1,C12670,P501,Start
199904,U7490@DOM1,C16280,P1937,Start
199904,U920@DOM1,C8540,P96,Start
199904,U932@DOM1,C178,P130,Start
199905,C1007$@DOM1,C1007,P95,Start
199905,C10107$@DOM1,C10107,P4,Start
199905,C1035$@DOM1,C1035,P37,Start
199905,C1035$@DOM1,C1035,P5,Start
199905,C1089$@DOM1,C1089,P5,Start
199905,C11092$@DOM1,C11092,P16,Start
199905,C11766$@DOM1,C11766,P23,End
199905,C11766$@DOM1,C11766,P23,Start
199905,C11766$@DOM1,C11766,P24,End
199905,C11766$@DOM1,C11766,P24,Start
199905,C11766$@DOM1,C11766,P5,End
199905,C11766$@DOM1,C11766,P83,End
199905,C12111$@DOM1,C12111,P16,Start
199905,C1281$@DOM1,C1281,P16,Start
199905,C13024$@DOM1,C13024,P16,Start
199905,C13382$@DOM1,C13382,P1,Start
199905,C13819$@DOM1,C13819,P16,Start
199905,C14051$@DOM1,C14051,P16,Start
199905,C14177$@DOM1,C14177,P16,Start
199905,C1438$@DOM1,C1438,P16,End
199905,C14683$@DOM1,C14683,P131,Start
199905,C15168$@DOM1,C15168,P59,Start
199905,C1520$@DOM1,C1520,P131,Start
199905,C1568$@DOM1,C1568,P16,Start
199905,C1608$@DOM1,C1608,P314,Start
199905,C1608$@DOM1,C1608,P5,Start
199905,C16088$@DOM1,C16088,P173,Start
199905,C1661$@DOM1,C1661,P16,End
199905,C17240$@DOM1,C17240,P265,Start
199905,C17456$@DOM1,C17456,P16,Start
199905,C17794$@DOM1,C17794,P190,Start
199905,C17794$@DOM1,C17794,P5,Start
199905,C1848$@DOM1,C1848,P178,End
199905,C1848$@DOM1,C1848,P179,End
199905,C238$@DOM1,C238,P9,Start
199905,C318$@DOM1,C318,P13,Start
199905,C318$@DOM1,C318,P14,Start
199905,C3199$@DOM1,C3199,P16,Start
199905,C3412$@DOM1,C3412,P13,Start
199905,C3491$@DOM1,C3491,P16,End
199905,C5633$@DOM1,C5633,P16,Start
199905,C5855$@DOM1,C5855,P25,Start
199905,C6098$@DOM1,C6098,P13,Start
199905,C6240$@DOM1,C6240,P209,Start
199905,C7732$@DOM1,C7732,P28,Start
199905,C7732$@DOM1,C7732,P29,Start
199905,C7786$@DOM1,C7786,P14,Start
199905,C7794$@DOM1,C7794,P16,Start
199905,C8080$@DOM1,C8080,P5,Start
199905,C8498$@DOM1,C8498,P25,Start
199905,C8498$@DOM1,C8498,P5,Start
199905,C92$@DOM1,C92,P10,Start
199905,C92$@DOM1,C92,P1139,Start
199905,C92$@DOM1,C92,P169,Start
199905,C92$@DOM1,C92,P171,Start
199905,C92$@DOM1,C92,P211,Start
199905,C92$@DOM1,C92,P284,Start
199905,C92$@DOM1,C92,P44,Start
199905,C92$@DOM1,C92,P5,Start
199905,C92$@DOM1,C92,P551,Start
199905,C9248$@DOM1,C9248,P16,Start
199905,C9458$@DOM1,C9458,P16,Start
199905,C9506$@DOM1,C9506,P25,Start
199905,C9506$@DOM1,C9506,P5,Start
199905,C9611$@DOM1,C9611,P10,Start
199905,LOCAL SERVICE@C1089,C1089,P17,End
199905,LOCAL SERVICE@C1089,C1089,P17,Start
199905,LOCAL SERVICE@C1089,C1089,P18,End
199905,LOCAL SERVICE@C1089,C1089,P18,Start
199905,LOCAL SERVICE@C1089,C1089,P5,End
199905,LOCAL SERVICE@C12868,C12868,P90,End
199905,LOCAL SERVICE@C14848,C14848,P90,Start
199905,LOCAL SERVICE@C8840,C8840,P90,Start
199905,U2359@DOM1,C92,P1139,End
199905,U2359@DOM1,C92,P168,Start
199905,U2359@DOM1,C92,P169,End
199905,U2359@DOM1,C92,P21,End
199905,U2359@DOM1,C92,P21,Start
199905,U2359@DOM1,C92,P214,End
199905,U2359@DOM1,C92,P214,Start
199905,U2359@DOM1,C92,P5,End
199905,U2671@DOM1,C1848,P165,End
199905,U2671@DOM1,C1848,P211,End
199905,U3083@DOM1,C8080,P501,Start
199905,U3175@DOM1,C502,P34,Start
199905,U5075@DOM1,C12051,P247,Start
199905,U6724@DOM1,C15905,P152,Start
199905,U901@DOM1,C1007,P95,End
199906,C101$@DOM1,C101,P25,End
199906,C101$@DOM1,C101,P25,Start
199906,C101$@DOM1,C101,P5,End
199906,C101$@DOM1,C101,P5,Start
199906,C10136$@DOM1,C10136,P16,Start
199906,C1042$@DOM1,C1042,P5,Start
199906,C11453$@DOM1,C11453,P16,Start
199906,C1200$@DOM1,C1200,P21,End
199906,C1200$@DOM1,C1200,P27,End
199906,C1200$@DOM1,C1200,P5,End
199906,C12267$@DOM1,C12267,P16,Start
199906,C12399$@DOM1,C12399,P16,Start
199906,C12537$@DOM1,C12537,P16,Start
199906,C12670$@DOM1,C12670,P5,Start
199906,C1360$@DOM1,C1360,P16,Start
199906,C14993$@DOM1,C14993,P16,Start
199906,C15466$@DOM1,C15466,P16,Start
199906,C15622$@DOM1,C15622,P9,Start
199906,C1685$@DOM1,C1685,P5,End
199906,C1685$@DOM1,C1685,P5,Start
199906,C1685$@DOM1,C1685,P60,End
199906,C1685$@DOM1,C1685,P60,Start
199906,C1972$@DOM1,C1972,P143,Start
199906,C2039$@DOM1,C2039,P5,Start
199906,C2526$@DOM1,C2526,P13,Start
199906,C2526$@DOM1,C2526,P14,Start
199906,C305$@DOM1,C305,P16,Start
199906,C3147$@DOM1,C3147,P9,Start
199906,C343$@DOM1,C343,P13,Start
199906,C343$@DOM1,C343,P14,Start
199906,C422$@DOM1,C422,P13,Start
199906,C486$@DOM1,C486,P156,End
199906,C629$@DOM1,C629,P16,Start
199906,C6326$@DOM1,C6326,P16,Start
199906,C6421$@DOM1,C6421,P9,Start
199906,C765$@DOM1,C765,P5,End
199906,C765$@DOM1,C765,P5,Start
199906,C765$@DOM1,C765,P56,End
199906,C765$@DOM1,C765,P56,Start
199906,C7956$@DOM1,C7956,P16,Start
199906,C9332$@DOM1,C9332,P9,Start
199906,C9397$@DOM1,C9397,P16,Start
199906,C9647$@DOM1,C9647,P13,Start
199906,C982$@DOM1,C982,P16,Start
199906,C988$@DOM1,C988,P25,End
199906,C988$@DOM1,C988,P25,Start
199906,C988$@DOM1,C988,P5,End
199906,C988$@DOM1,C988,P5,Start
199906,LOCAL SERVICE@C1042,C1042,P17,End
199906,LOCAL SERVICE@C1042,C1042,P17,Start
199906,LOCAL SERVICE@C1042,C1042,P5,End
199906,LOCAL SERVICE@C17766,C17766,P90,Start
199906,LOCAL SERVICE@C2039,C2039,P22,End
199906,LOCAL SERVICE@C2039,C2039,P22,Start
199906,LOCAL SERVICE@C2039,C2039,P5,End
199906,NETWORK SERVICE@C1972,C1972,P143,End
199906,U2585@DOM1,C7274,P152,Start
199906,U2688@DOM1,C7125,P339,Start
199906,U5356@DOM1,C12670,P501,Start
199907,C10103$@DOM1,C10103,P14,Start
199907,C10107$@DOM1,C10107,P1,Start
199907,C1035$@DOM1,C1035,P37,End
199907,C1035$@DOM1,C1035,P5,End
199907,C1256$@DOM1,C1256,P9,Start
199907,C13160$@DOM1,C13160,P16,Start
199907,C1401$@DOM1,C1401,P16,Start
199907,C14049$@DOM1,C14049,P16,Start
199907,C14235$@DOM1,C14235,P16,Start
199907,C14848$@DOM1,C14848,P16,Start
199907,C1504$@DOM1,C1504,P9,End
199907,C1624$@DOM1,C1624,P50,End
199907,C1624$@DOM1,C1624,P50,Start
199907,C16369$@DOM1,C16369,P182,Start
199907,C17240$@DOM1,C17240,P265,Start
199907,C1770$@DOM1,C1770,P3,Start
199907,C1934$@DOM1,C1934,P13,Start
199907,C1964$@DOM1,C1964,P27,End
199907,C1964$@DOM1,C1964,P5,End
199907,C2115$@DOM1,C2115,P9,End
199907,C291$@DOM1,C291,P5,Start
199907,C306$@DOM1,C306,P5,Start
199907,C3310$@DOM1,C3310,P16,Start
199907,C540$@DOM1,C540,P25,Start
199907,C5954$@DOM1,C5954,P16,Start
199907,C6098$@DOM1,C6098,P14,Start
199907,C6240$@DOM1,C6240,P16,Start
199907,C6519$@DOM1,C6519,P25,Start
199907,C6519$@DOM1,C6519,P5,Start
199907,C6522$@DOM1,C6522,P13,Start
199907,C6522$@DOM1,C6522,P14,Start
199907,C6522$@DOM1,C6522,P25,Start
199907,C6522$@DOM1,C6522,P5,Start
199907,C7664$@DOM1,C7664,P13,Start
199907,C8080$@DOM1,C8080,P5,Start
199907,C8390$@DOM1,C8390,P16,Start
199907,C92$@DOM1,C92,P156,End
199907,C92$@DOM1,C92,P16,End
199907,C9524$@DOM1,C9524,P9,Start
199907,C9725$@DOM1,C9725,P16,Start
199907,C9790$@DOM1,C9790,P16,Start
199907,LOCAL SERVICE@C291,C291,P17,End
199907,LOCAL SERVICE@C291,C291,P17,Start
199907,LOCAL SERVICE@C291,C291,P18,End
199907,LOCAL SERVICE@C291,C291,P18,Start
199907,LOCAL SERVICE@C291,C291,P5,End
199907,LOCAL SERVICE@C306,C306,P17,End
199907,LOCAL SERVICE@C306,C306,P17,Start
199907,LOCAL SERVICE@C306,C306,P18,End
199907,LOCAL SERVICE@C306,C306,P18,Start
199907,LOCAL SERVICE@C306,C306,P5,End
199907,U1235@DOM1,C17788,P51,Start
199907,U154@C398,C398,P59,Start
199907,U1691@DOM1,C10281,P291,End
199907,U2359@DOM1,C92,P1309,Start
199907,U2359@DOM1,C92,P237,Start
199907,U2359@DOM1,C92,P780,Start
199907,U24@DOM1,C1770,P111,Start
199907,U3083@DOM1,C8080,P501,Start
199907,U3965@DOM1,C10107,P118,Start
199907,U4516@DOM1,C11134,P53,Start
199907,U5075@DOM1,C12051,P247,Start
199907,U6724@DOM1,C15905,P247,Start
199907,U7451@DOM1,C16270,P126,Start
199908,C1042$@DOM1,C1042,P5,Start
199908,C10658$@DOM1,C10658,P16,Start
199908,C11770$@DOM1,C11770,P16,Start
199908,C1206$@DOM1,C1206,P16,Start
199908,C12670$@DOM1,C12670,P5,Start
199908,C12687$@DOM1,C12687,P16,Start
199908,C1383$@DOM1,C1383,P16,End
199908,C15236$@DOM1,C15236,P16,Start
199908,C1532$@DOM1,C1532,P59,Start
199908,C1558$@DOM1,C1558,P16,Start
199908,C1562$@DOM1,C1562,P16,Start
199908,C1611$@DOM1,C1611,P5,Start
199908,C16848$@DOM1,C16848,P16,Start
199908,C2023$@DOM1,C2023,P16,Start
199908,C2046$@DOM1,C2046,P41,End
199908,C2046$@DOM1,C2046,P41,Start
199908,C3333$@DOM1,C3333,P16,Start
199908,C3389$@DOM1,C3389,P16,Start
199908,C3511$@DOM1,C3511,P16,Start
199908,C5008$@DOM1,C5008,P44,Start
199908,C553$@DOM1,C553,P25,End
199908,C553$@DOM1,C553,P25,Start
199908,C553$@DOM1,C553,P5,End
199908,C553$@DOM1,C553,P5,Start
199908,C6548$@DOM1,C6548,P14,End
199908,C783$@DOM1,C783,P16,Start
199908,C8272$@DOM1,C8272,P13,Start
199908,C8272$@DOM1,C8272,P14,Start
199908,C8299$@DOM1,C8299,P16,Start
199908,C9234$@DOM1,C9234,P109,Start
199908,C931$@DOM1,C931,P16,Start
199908,C9332$@DOM1,C9332,P169,Start
199908,C9332$@DOM1,C9332,P171,Start
199908,C9332$@DOM1,C9332,P44,Start
199908,C944$@DOM1,C944,P16,Start
199908,C9683$@DOM1,C9683,P16,Start
199908,C988$@DOM1,C988,P25,End
199908,C988$@DOM1,C988,P5,End
199908,C988$@DOM1,C988,P9,Start
199908,LOCAL SERVICE@C1042,C1042,P18,End
199908,LOCAL SERVICE@C1042,C1042,P18,Start
199908,LOCAL SERVICE@C1042,C1042,P5,End
199908,LOCAL SERVICE@C1611,C1611,P22,Start
199908,LOCAL SERVICE@C8571,C8571,P90,Start
199908,U154@C398,C398,P59,End
199908,U2178@DOM1,C6548,P13,End
199908,U2585@DOM1,C7274,P247,Start
199908,U3410@DOM1,C9087,P665,Start
199908,U3572@DOM1,C9332,P168,Start
199908,U5356@DOM1,C12670,P501,Start
199908,U5431@DOM1,C1158,P51,Start
199908,U67@C1723,C1723,P59,End
199908,U67@C1723,C1723,P59,Start
199908,U821@DOM1,C3333,P16,End
199909,C1027$@DOM1,C1027,P16,Start
199909,C1035$@DOM1,C1035,P37,End
199909,C1035$@DOM1,C1035,P37,Start
199909,C1035$@DOM1,C1035,P5,End
199909,C1035$@DOM1,C1035,P5,Start
199909,C10482$@DOM1,C10482,P16,End
199909,C10711$@DOM1,C10711,P16,Start
199909,C1091$@DOM1,C1091,P16,Start
199909,C11412$@DOM1,C11412,P16,Start
199909,C13441$@DOM1,C13441,P59,Start
199909,C14251$@DOM1,C14251,P16,Start
199909,C1495$@DOM1,C1495,P42,Start
199909,C16270$@DOM1,C16270,P131,Start
199909,C16553$@DOM1,C16553,P16,Start
199909,C17083$@DOM1,C17083,P16,Start
199909,C17776$@DOM1,C17776,P16,Start
199909,C1934$@DOM1,C1934,P14,Start
199909,C2347$@DOM1,C2347,P16,Start
199909,C2542$@DOM1,C2542,P265,End
199909,C2542$@DOM1,C2542,P265,Start
199909,C2935$@DOM1,C2935,P16,Start
199909,C3149$@DOM1,C3149,P47,End
199909,C3156$@DOM1,C3156,P95,Start
199909,C3199$@DOM1,C3199,P16,End
199909,C3199$@DOM1,C3199,P16,Start
199909,C350$@DOM1,C350,P10,Start
199909,C4655$@DOM1,C4655,P16,Start
199909,C533$@DOM1,C533,P16,Start
199909,C6240$@DOM1,C6240,P10,Start
199909,C6240$@DOM1,C6240,P13,Start
199909,C6240$@DOM1,C6240,P14,Start
199909,C6240$@DOM1,C6240,P169,Start
199909,C6240$@DOM1,C6240,P171,Start
199909,C6240$@DOM1,C6240,P210,Start
199909,C6240$@DOM1,C6240,P211,Start
199909,C6240$@DOM1,C6240,P44,Start
199909,C6322$@DOM1,C6322,P16,Start
199909,C6485$@DOM1,C6485,P16,Start
199909,C6917$@DOM1,C6917,P16,Start
199909,C7466$@DOM1,C7466,P23,End
199909,C7466$@DOM1,C7466,P24,End
199909,C7466$@DOM1,C7466,P24,Start
199909,C7466$@DOM1,C7466,P83,End
199909,C7784$@DOM1,C7784,P16,Start
199909,C7794$@DOM1,C7794,P16,End
199909,C7918$@DOM1,C7918,P13,Start
199909,C8080$@DOM1,C8080,P5,Start
199909,C8420$@DOM1,C8420,P16,End
199909,C8903$@DOM1,C8903,P14,Start
199909,C934$@DOM1,C934,P16,Start
199909,C9389$@DOM1,C9389,P5,Start
199909,C9661$@DOM1,C9661,P239,Start
199909,C9943$@DOM1,C9943,P16,Start
199909,LOCAL SERVICE@C10711,C10711,P90,Start
199909,NETWORK SERVICE@C4740,C4740,P9,End
199909,U146@DOM1,C3156,P95,End
199909,U2031@DOM1,C6240,P168,Start
199909,U2359@DOM1,C92,P1309,End
199909,U2641@DOM1,C7377,P372,Start
199909,U3083@DOM1,C8080,P501,Start
199909,U3665@DOM1,C9389,P984,Start
199909,U6724@DOM1,C15905,P247,Start
199910,C10254$@DOM1,C10254,P16,Start
199910,C10309$@DOM1,C10309,P25,Start
199910,C10309$@DOM1,C10309,P5,Start
199910,C1228$@DOM1,C1228,P13,Start
199910,C1228$@DOM1,C1228,P14,Start
199910,C1240$@DOM1,C1240,P16,Start
199910,C12566$@DOM1,C12566,P16,Start
199910,C12585$@DOM1,C12585,P16,Start
199910,C12670$@DOM1,C12670,P5,Start
199910,C1402$@DOM1,C1402,P16,Start
199910,C1455$@DOM1,C1455,P16,Start
199910,C14772$@DOM1,C14772,P16,Start
199910,C1685$@DOM1,C1685,P5,End
199910,C1685$@DOM1,C1685,P5,Start
199910,C1685$@DOM1,C1685,P60,End
199910,C1685$@DOM1,C1685,P60,Start
199910,C1685$@DOM1,C1685,P63,End
199910,C1685$@DOM1,C1685,P63,Start
199910,C1707$@DOM1,C1707,P60,End
199910,C1707$@DOM1,C1707,P60,Start
199910,C1707$@DOM1,C1707,P63,End
199910,C1707$@DOM1,C1707,P63,Start
199910,C1893$@DOM1,C1893,P50,Start
199910,C2148$@DOM1,C2148,P50,Start
199910,C236$@DOM1,C236,P12,Start
199910,C236$@DOM1,C236,P5,Start
199910,C243$@DOM3,C243,P16,Start
199910,C2758$@DOM1,C2758,P16,Start
199910,C3223$@DOM1,C3223,P16,Start
199910,C3610$@DOM1,C3610,P16,End
199910,C3635$@DOM1,C3635,P16,Start
199910,C6144$@DOM1,C6144,P16,Start
199910,C6163$@DOM1,C6163,P13,Start
199910,C6163$@DOM1,C6163,P14,Start
199910,C6163$@DOM1,C6163,P16,Start
199910,C644$@DOM1,C644,P16,Start
199910,C6828$@DOM1,C6828,P16,Start
199910,C692$@DOM1,C692,P16,Start
199910,C7000$@DOM1,C7000,P16,Start
199910,C740$@DOM1,C740,P16,Start
199910,C830$@DOM1,C830,P16,Start
199910,C8446$@DOM1,C8446,P5,Start
199910,C8446$@DOM1,C8446,P83,Start
199910,C879$@DOM1,C879,P14,Start
199910,C879$@DOM1,C879,P59,Start
199910,C8804$@DOM1,C8804,P16,Start
199910,C9332$@DOM1,C9332,P5,Start
199910,C9657$@DOM1,C9657,P10,Start
199910,C9727$@DOM1,C9727,P16,Start
199910,C988$@DOM1,C988,P25,End
199910,C988$@DOM1,C988,P25,Start
199910,C988$@DOM1,C988,P5,End
199910,C988$@DOM1,C988,P5,Start
199910,C9933$@DOM1,C9933,P16,Start
199910,LOCAL SERVICE@C595,C595,P90,Start
199910,U2585@DOM1,C7274,P247,Start
199910,U3410@DOM1,C9087,P4,Start
199910,U3572@DOM1,C9332,P21,Start
199910,U3572@DOM1,C9332,P214,Start
199910,U3572@DOM1,C9332,P687,Start
199910,U4250@DOM1,C10523,P152,Start
199910,U5356@DOM1,C12670,P501,Start
199910,U7648@DOM1,C16426,P125,Start
199911,C1035$@DOM1,C1035,P37,Start
199911,C1035$@DOM1,C1035,P5,Start
199911,C1041$@DOM1,C1041,P59,Start
199911,C10677$@DOM1,C10677,P16,Start
199911,C11071$@DOM1,C11071,P16,Start
199911,C11296$@DOM1,C11296,P28,Start
199911,C11296$@DOM1,C11296,P29,Start
199911,C11296$@DOM1,C11296,P5,Start
199911,C12506$@DOM1,C12506,P16,Start
199911,C135$@DOM1,C135,P13,Start
199911,C135$@DOM1,C135,P14,Start
199911,C13561$@DOM1,C13561,P16,Start
199911,C14074$@DOM1,C14074,P13,Start
199911,C14074$@DOM1,C14074,P14,Start
199911,C14426$@DOM1,C14426,P16,Start
199911,C14665$@DOM1,C14665,P47,End
199911,C1474$@DOM1,C1474,P16,Start
199911,C1490$@DOM1,C1490,P16,Start
199911,C1495$@DOM1,C1495,P42,Start
199911,C16193$@DOM1,C16193,P16,Start
199911,C1626$@DOM1,C1626,P16,Start
199911,C16318$@DOM1,C16318,P25,Start
199911,C16318$@DOM1,C16318,P5,Start
199911,C16341$@DOM1,C16341,P16,Start
199911,C17240$@DOM1,C17240,P265,Start
199911,C1754$@DOM1,C1754,P16,Start
199911,C2484$@DOM1,C2484,P16,Start
199911,C3039$@DOM1,C3039,P16,Start
199911,C3310$@DOM1,C3310,P16,End
199911,C3429$@DOM3,C3429,P16,Start
199911,C459$@DOM1,C459,P13,Start
199911,C459$@DOM1,C459,P14,Start
199911,C4647$@DOM1,C4647,P16,Start
199911,C581$@DOM1,C581,P25,Start
199911,C581$@DOM1,C581,P5,Start
199911,C5843$@DOM1,C5843,P16,Start
199911,C6167$@DOM1,C6167,P14,Start
199911,C6240$@DOM1,C6240,P16,Start
199911,C6240$@DOM1,C6240,P5,Start
199911,C697$@DOM1,C697,P16,Start
199911,C7918$@DOM1,C7918,P14,Start
199911,C8080$@DOM1,C8080,P5,Start
199911,C9034$@DOM1,C9034,P10,Start
199911,C9034$@DOM1,C9034,P4,Start
199911,C9034$@DOM1,C9034,P482,Start
199911,C9034$@DOM1,C9034,P5,Start
199911,C9895$@DOM1,C9895,P16,Start
199911,LOCAL SERVICE@C7208,C7208,P90,Start
199911,U2031@DOM1,C6240,P1373,Start
199911,U2031@DOM1,C6240,P1548,Start
199911,U2031@DOM1,C6240,P21,Start
199911,U2031@DOM1,C6240,P214,Start
199911,U2031@DOM1,C6240,P289,Start
199911,U2031@DOM1,C6240,P637,Start
199911,U2031@DOM1,C6240,P873,Start
199911,U2031@DOM1,C6240,P874,Start
199911,U2031@DOM1,C6240,P920,Start
199911,U2359@DOM1,C92,P284,End
199911,U24@DOM1,C1770,P111,End
199911,U24@DOM1,C1770,P111,Start
199911,U3083@DOM1,C8080,P501,Start
199911,U3130@DOM1,C8492,P152,Start
199911,U3130@DOM1,C8492,P247,Start
199911,U3710@DOM1,C9006,P152,Start
199911,U3710@DOM1,C9006,P247,Start
199911,U3965@DOM1,C10107,P1523,Start
199911,U4960@DOM1,C942,P152,Start
199911,U4960@DOM1,C942,P247,Start
199911,U5574@DOM1,C12076,P130,Start
199911,U7451@DOM1,C16270,P4,End
199911,U7451@DOM1,C16270,P4,Start
199912,C11101$@DOM1,C11101,P16,Start
199912,C12670$@DOM1,C12670,P5,Start
199912,C12705$@DOM1,C12705,P16,Start
199912,C13191$@DOM1,C13191,P13,Start
199912,C13191$@DOM1,C13191,P14,Start
199912,C14993$@DOM1,C14993,P16,End
199912,C15466$@DOM1,C15466,P16,End
199912,C1608$@DOM1,C1608,P314,End
199912,C1608$@DOM1,C1608,P5,End
199912,C1624$@DOM1,C1624,P21,End
199912,C1624$@DOM1,C1624,P21,Start
199912,C1624$@DOM1,C1624,P50,End
199912,C1624$@DOM1,C1624,P50,Start
199912,C1624$@DOM1,C1624,P86,End
199912,C1624$@DOM1,C1624,P86,Start
199912,C1624$@DOM1,C1624,P9,Start
199912,C166$@DOM1,C166,P91,Start
199912,C16809$@DOM1,C16809,P16,Start
199912,C17382$@DOM1,C17382,P25,Start
199912,C17382$@DOM1,C17382,P5,Start
199912,C17766$@DOM1,C17766,P14,Start
199912,C2091$@DOM1,C2091,P16,Start
199912,C2240$@DOM1,C2240,P16,Start
199912,C305$@DOM1,C305,P16,End
199912,C3139$@DOM1,C3139,P13,Start
199912,C540$@DOM1,C540,P25,End
199912,C540$@DOM1,C540,P25,Start
199912,C546$@DOM1,C546,P16,Start
199912,C629$@DOM1,C629,P16,End
199912,C636$@DOM1,C636,P16,Start
199912,C6417$@DOM1,C6417,P13,Start
199912,C6633$@DOM1,C6633,P16,Start
199912,C6727$@DOM1,C6727,P13,Start
199912,C6727$@DOM1,C6727,P14,Start
199912,C7396$@DOM1,C7396,P16,Start
199912,C765$@DOM1,C765,P145,End
199912,C765$@DOM1,C765,P5,End
199912,C765$@DOM1,C765,P5,Start
199912,C765$@DOM1,C765,P56,End
199912,C765$@DOM1,C765,P56,Start
199912,C8446$@DOM1,C8446,P23,Start
199912,C8996$@DOM1,C8996,P16,Start
199912,C9332$@DOM1,C9332,P16,Start
199912,C9332$@DOM1,C9332,P9,Start
199912,C988$@DOM1,C988,P25,End
199912,C988$@DOM1,C988,P25,Start
199912,C988$@DOM1,C988,P5,End
199912,C988$@DOM1,C988,P5,Start
199912,U169@C2245,C2245,P119,End
199912,U3180@DOM1,C8609,P152,Start
199912,U3410@DOM1,C9087,P153,Start
199912,U3410@DOM1,C9087,P4,Start
199912,U344@DOM1,C486,P51,Start
199912,U3572@DOM1,C9332,P1968,Start
199912,U3572@DOM1,C9332,P28,Start
199912,U3572@DOM1,C9332,P598,Start
199912,U3572@DOM1,C9332,P666,Start
199912,U3572@DOM1,C9332,P732,Start
199912,U4250@DOM1,C10523,P247,Start
199912,U5356@DOM1,C12670,P501,Start
199912,U67@C1933,C1933,P59,End
199912,U67@C1933,C1933,P59,Start
199913,C10043$@DOM1,C10043,P16,Start
199913,C10107$@DOM1,C10107,P1,Start
199913,C10107$@DOM1,C10107,P1524,Start
199913,C10256$@DOM1,C10256,P156,Start
199913,C1035$@DOM1,C1035,P37,End
199913,C1035$@DOM1,C1035,P37,Start
199913,C1035$@DOM1,C1035,P5,End
199913,C1035$@DOM1,C1035,P5,Start
199913,C12885$@DOM1,C12885,P16,Start
199913,C13039$@DOM1,C13039,P16,Start
199913,C14229$@DOM1,C14229,P16,Start
199913,C15024$@DOM1,C15024,P16,Start
199913,C15756$@DOM1,C15756,P16,Start
199913,C16241$@DOM1,C16241,P16,Start
199913,C17240$@DOM1,C17240,P265,Start
199913,C17422$@DOM1,C17422,P16,Start
199913,C17794$@DOM1,C17794,P209,Start
199913,C3468$@DOM1,C3468,P16,Start
199913,C359$@DOM1,C359,P16,Start
199913,C444$@DOM1,C444,P21,Start
199913,C4927$@DOM1,C4927,P16,Start
199913,C5855$@DOM1,C5855,P25,End
199913,C6292$@DOM1,C6292,P16,Start
199913,C6391$@DOM1,C6391,P13,Start
199913,C6449$@DOM1,C6449,P1,Start
199913,C6832$@DOM1,C6832,P13,Start
199913,C6832$@DOM1,C6832,P14,Start
199913,C7046$@DOM1,C7046,P16,Start
199913,C7444$@DOM1,C7444,P16,Start
199913,C7856$@DOM1,C7856,P16,Start
199913,C8062$@DOM1,C8062,P16,Start
199913,C8080$@DOM1,C8080,P5,Start
199913,C811$@DOM1,C811,P14,Start
199913,C8770$@DOM1,C8770,P16,Start
321187,LOCAL SERVICE@C1576,C1576,P5,End
321187,LOCAL SERVICE@C1611,C1611,P17,End
321187,LOCAL SERVICE@C1611,C1611,P17,Start
321187,LOCAL SERVICE@C1611,C1611,P18,Start
321187,LOCAL SERVICE@C1611,C1611,P5,End
321187,U137@C3015,C3015,P25,End
321187,U185@DOM1,C3188,P198,End
321187,U185@DOM1,C3188,P198,Start
321187,U324@DOM1,C1845,P53,Start
321187,U327@DOM1,C2912,P53,Start
321187,U3539@DOM1,C9315,P53,Start
321187,U5356@DOM1,C12670,P501,Start
321187,U5497@DOM1,C12941,P53,Start
321187,U6813@DOM1,C15180,P53,Start
321187,U7528@DOM1,C16445,P53,Start
321187,U8115@DOM1,C17512,P53,Start
321188,C100$@DOM1,C100,P16,Start
321188,C10008$@DOM1,C10008,P16,Start
321188,C10953$@DOM1,C10953,P16,Start
321188,C11412$@DOM1,C11412,P16,Start
321188,C13866$@DOM1,C13866,P10,Start
321188,C15445$@DOM1,C15445,P16,Start
321188,C15663$@DOM1,C15663,P16,Start
321188,C17003$@DOM1,C17003,P16,Start
321188,C2087$@DOM1,C2087,P21,End
321188,C2087$@DOM1,C2087,P25,End
321188,C2087$@DOM1,C2087,P28,End
321188,C2087$@DOM1,C2087,P29,End
321188,C2087$@DOM1,C2087,P5,End
321188,C236$@DOM1,C236,P12,Start
321188,C236$@DOM1,C236,P5,Start
321188,C2379$@DOM1,C2379,P5,Start
321188,C2622$@DOM1,C2622,P16,Start
321188,C324$@DOM1,C324,P47,Start
321188,C324$@DOM1,C324,P9,Start
321188,C3761$@DOM1,C3761,P25,Start
321188,C3761$@DOM1,C3761,P5,Start
321188,C3761$@DOM1,C3761,P9,Start
321188,C3761$@DOM1,C3761,P777,Start
321188,C4022$@DOM1,C4022,P25,End
321188,C466$@DOM1,C466,P5,Start
321188,C5311$@DOM1,C5311,P10,Start
321188,C534$@DOM1,C534,P16,Start
321188,C674$@DOM1,C674,P13,Start
321188,C674$@DOM1,C674,P14,Start
321188,C674$@DOM1,C674,P9,Start
321188,C764$@DOM1,C764,P10,Start
321188,C7980$@DOM1,C7980,P16,Start
321188,C848$@DOM1,C848,P16,Start
321188,C9328$@DOM1,C9328,P16,Start
321188,C9739$@DOM1,C9739,P10,Start
321188,C9818$@DOM1,C9818,P10,Start
321188,LOCAL SERVICE@C2379,C2379,P17,End
321188,LOCAL SERVICE@C2379,C2379,P17,Start
321188,LOCAL SERVICE@C2379,C2379,P18,End
321188,LOCAL SERVICE@C2379,C2379,P18,Start
321188,LOCAL SERVICE@C2379,C2379,P5,End
321188,LOCAL SERVICE@C466,C466,P22,End
321188,LOCAL SERVICE@C466,C466,P22,Start
321188,LOCAL SERVICE@C466,C466,P5,End
321188,LOCAL SERVICE@C999,C999,P10,End
321188,NETWORK SERVICE@C14870,C14870,P9,End
321188,U2435@DOM1,C6967,P34,Start
321188,U67@C1723,C1723,P59,End
321188,U67@C1723,C1723,P59,Start
321188,U7467@DOM1,C16299,P53,Start
321189,C10014$@DOM1,C10014,P16,Start
321189,C10640$@DOM1,C10640,P10,Start
321189,C1073$@DOM1,C1073,P16,Start
321189,C1075$@DOM1,C1075,P16,End
321189,C11078$@DOM1,C11078,P16,Start
321189,C12670$@DOM1,C12670,P5,Start
321189,C14053$@DOM1,C14053,P10,Start
321189,C14619$@DOM1,C14619,P16,End
321189,C14954$@DOM1,C14954,P16,Start
321189,C16354$@DOM1,C16354,P10,Start
321189,C1745$@DOM1,C1745,P74,End
321189,C1747$@DOM1,C1747,P21,Start
321189,C1747$@DOM1,C1747,P57,Start
321189,C18191$@DOM1,C18191,P47,End
321189,C1821$@DOM1,C1821,P25,End
321189,C1821$@DOM1,C1821,P46,End
321189,C1821$@DOM1,C1821,P46,Start
321189,C18239$@DOM1,C18239,P16,Start
321189,C2198$@DOM1,C2198,P25,Start
321189,C306$@DOM1,C306,P5,Start
321189,C3350$@DOM1,C3350,P96,End
321189,C3517$@DOM1,C3517,P16,Start
321189,C5163$@DOM1,C5163,P25,Start
321189,C5163$@DOM1,C5163,P5,Start
321189,C5818$@DOM1,C5818,P16,Start
321189,C6566$@DOM1,C6566,P16,Start
321189,C755$@DOM1,C755,P16,Start
321189,C8751$@DOM1,C8751,P13,Start
321189,C8751$@DOM1,C8751,P14,Start
321189,C986$@DOM1,C986,P175,Start
321189,LOCAL SERVICE@C1611,C1611,P18,End
321189,LOCAL SERVICE@C1611,C1611,P5,End
321189,LOCAL SERVICE@C306,C306,P22,End
321189,LOCAL SERVICE@C306,C306,P22,Start
321189,LOCAL SERVICE@C306,C306,P5,End
321189,U1305@DOM1,C1023,P152,Start
321189,U137@C3244,C3244,P25,End
321189,U174@DOM1,C2341,P34,Start
321189,U2799@DOM1,C7677,P34,End
321189,U5356@DOM1,C12670,P501,Start
321189,U67@C1933,C1933,P59,End
321189,U67@C1933,C1933,P59,Start
321189,U83@C1747,C1747,P21,End
321189,U83@C1747,C1747,P21,Start
321189,U83@C1747,C1747,P56,End
321189,U83@C1747,C1747,P56,Start
321189,U83@C1747,C1747,P57,End
321189,U83@C1747,C1747,P58,End
321189,U83@C1747,C1747,P58,Start
321190,C1003$@DOM1,C1003,P47,Start
321190,C10252$@DOM1,C10252,P16,Start
321190,C10263$@DOM1,C10263,P16,Start
321190,C1035$@DOM1,C1035,P37,End
321190,C1035$@DOM1,C1035,P5,End
321190,C1128$@DOM1,C1128,P16,Start
321190,C11514$@DOM1,C11514,P13,Start
321190,C11514$@DOM1,C11514,P14,Start
321190,C12261$@DOM1,C12261,P16,Start
321190,C12320$@DOM1,C12320,P13,Start
321190,C12320$@DOM1,C12320,P14,Start
321190,C12770$@DOM1,C12770,P10,Start
321190,C13755$@DOM1,C13755,P10,Start
321190,C13819$@DOM1,C13819,P10,Start
321190,C1382$@DOM1,C1382,P5,Start
321190,C1451$@DOM1,C1451,P10,Start
321190,C15077$@DOM1,C15077,P9,Start
321190,C1654$@DOM1,C1654,P21,End
321190,C1654$@DOM1,C1654,P21,Start
321190,C1654$@DOM1,C1654,P54,End
321190,C1654$@DOM1,C1654,P54,Start
321190,C17596$@DOM1,C17596,P16,Start
321190,C17731$@DOM1,C17731,P48,Start
321190,C17731$@DOM1,C17731,P9,Start
321190,C2016$@DOM1,C2016,P16,Start
321190,C2385$@DOM1,C2385,P16,Start
321190,C2688$@DOM1,C2688,P16,Start
321190,C2842$@DOM1,C2842,P13,End
321190,C2842$@DOM1,C2842,P14,End
321190,C3310$@DOM1,C3310,P16,Start
321190,C622$@DOM1,C622,P16,Start
321190,C6551$@DOM1,C6551,P10,Start
321190,C7014$@DOM1,C7014,P16,Start
321190,C7462$@DOM1,C7462,P16,Start
321190,C8802$@DOM1,C8802,P16,Start
321190,C908$@DOM1,C908,P25,Start
321190,C908$@DOM1,C908,P5,Start
321190,C9436$@DOM1,C9436,P16,Start
321190,C9709$@DOM1,C9709,P10,Start
321190,C977$@DOM1,C977,P16,Start
321190,LOCAL SERVICE@C1382,C1382,P17,End
321190,LOCAL SERVICE@C1382,C1382,P17,Start
321190,LOCAL SERVICE@C1382,C1382,P5,End
321190,LOCAL SERVICE@C500,C500,P17,End
321190,LOCAL SERVICE@C500,C500,P17,Start
321190,LOCAL SERVICE@C500,C500,P18,End
321190,LOCAL SERVICE@C500,C500,P18,Start
321190,LOCAL SERVICE@C500,C500,P22,End
321190,NETWORK SERVICE@C1654,C1654,P54,Start
321190,U276@C1654,C1654,P54,End
321190,U7726@DOM1,C16806,P34,Start
321191,C10039$@DOM1,C10039,P16,Start
321191,C10214$@DOM1,C10214,P16,Start
321191,C1035$@DOM1,C1035,P37,Start
321191,C1035$@DOM1,C1035,P48,End
321191,C1035$@DOM1,C1035,P48,Start
321191,C1035$@DOM1,C1035,P5,Start
321191,C12251$@DOM1,C12251,P25,Start
321191,C12251$@DOM1,C12251,P5,Start
321191,C12670$@DOM1,C12670,P5,Start
321191,C12915$@DOM1,C12915,P16,Start
321191,C12941$@DOM1,C12941,P25,Start
321191,C12941$@DOM1,C12941,P5,Start
321191,C14220$@DOM1,C14220,P16,End
321191,C1654$@DOM1,C1654,P21,End
321191,C1654$@DOM1,C1654,P54,End
321191,C17772$@DOM1,C17772,P13,Start
321191,C1899$@DOM1,C1899,P16,Start
321191,C2125$@DOM1,C2125,P21,End
321191,C2125$@DOM1,C2125,P21,Start
321191,C2125$@DOM1,C2125,P54,End
321191,C2125$@DOM1,C2125,P54,Start
321191,C2527$@DOM1,C2527,P95,Start
321191,C2796$@DOM1,C2796,P10,Start
321191,C3037$@DOM1,C3037,P16,Start
321191,C338$@DOM1,C338,P9,End
321191,C3484$@DOM1,C3484,P25,End
321191,C3484$@DOM1,C3484,P25,Start
321191,C404$@DOM1,C404,P16,Start
321191,C556$@DOM1,C556,P47,End
321191,C6400$@DOM1,C6400,P16,Start
321191,C649$@DOM1,C649,P16,Start
321191,C671$@DOM1,C671,P10,Start
321191,C742$@DOM1,C742,P5,Start
321191,C7685$@DOM1,C7685,P16,Start
321191,C783$@DOM1,C783,P16,Start
321191,C7889$@DOM1,C7889,P16,Start
321191,C8013$@DOM1,C8013,P16,Start
321191,C802$@DOM1,C802,P59,Start
321191,C841$@DOM1,C841,P16,Start
321191,C8972$@DOM1,C8972,P25,Start
321191,C8972$@DOM1,C8972,P5,Start
321191,C909$@DOM1,C909,P16,Start
321191,C9192$@DOM1,C9192,P13,Start
321191,C9192$@DOM1,C9192,P14,Start
321191,C947$@DOM1,C947,P10,Start
321191,LOCAL SERVICE@C742,C742,P22,End
321191,LOCAL SERVICE@C742,C742,P22,Start
321191,LOCAL SERVICE@C742,C742,P5,End
321191,U1295@C2527,C2527,P95,End
321191,U140@DOM1,C3622,P152,Start
321191,U5356@DOM1,C12670,P501,Start
321191,U7012@DOM1,C15513,P53,Start
321192,C10484$@DOM1,C10484,P16,Start
321192,C10601$@DOM1,C10601,P10,Start
321192,C1293$@DOM1,C1293,P16,Start
321192,C13627$@DOM1,C13627,P10,Start
321192,C14074$@DOM1,C14074,P25,Start
321192,C14074$@DOM1,C14074,P5,Start
321192,C14326$@DOM1,C14326,P16,Start
321192,C15168$@DOM1,C15168,P59,Start
321192,C1532$@DOM1,C1532,P59,Start
321192,C1624$@DOM1,C1624,P50,End
321192,C1624$@DOM1,C1624,P50,Start
321192,C1723$@DOM1,C1723,P59,End
321192,C1723$@DOM1,C1723,P59,Start
321192,C1934$@DOM1,C1934,P10,Start
321192,C2148$@DOM1,C2148,P50,Start
321192,C281$@DOM1,C281,P16,Start
321192,C2944$@DOM1,C2944,P16,End
321192,C309$@DOM1,C309,P13,Start
321192,C309$@DOM1,C309,P14,Start
321192,C388$@DOM1,C388,P16,Start
321192,C492$@DOM1,C492,P21,End
321192,C492$@DOM1,C492,P21,Start
321192,C492$@DOM1,C492,P64,End
321192,C492$@DOM1,C492,P64,Start
321192,C492$@DOM1,C492,P66,End
321192,C492$@DOM1,C492,P66,Start
321192,C492$@DOM1,C492,P81,Start
321192,C6511$@DOM1,C6511,P16,Start
321192,C6584$@DOM1,C6584,P10,Start
321192,C6789$@DOM1,C6789,P16,Start
321192,C7154$@DOM1,C7154,P25,Start
321192,C7154$@DOM1,C7154,P5,Start
321192,C7824$@DOM1,C7824,P213,End
321192,C7824$@DOM1,C7824,P5,End
321192,C8194$@DOM1,C8194,P25,Start
321192,C8194$@DOM1,C8194,P5,Start
321192,C8225$@DOM1,C8225,P16,Start
321192,C8515$@DOM1,C8515,P16,Start
321192,C8627$@DOM1,C8627,P16,Start
321192,C8756$@DOM1,C8756,P10,Start
321192,C96$@DOM1,C96,P47,Start
321192,C995$@DOM1,C995,P16,Start
321192,U185@DOM1,C3188,P194,End
321192,U185@DOM1,C3188,P198,End
321193,C1023$@DOM1,C1023,P301,Start
321193,C10299$@DOM1,C10299,P91,Start
321193,C1139$@DOM1,C1139,P5,Start
321193,C11420$@DOM1,C11420,P10,Start
321193,C11527$@DOM1,C11527,P16,Start
321193,C1198$@DOM1,C1198,P16,Start
321193,C12251$@DOM1,C12251,P25,End
321193,C12251$@DOM1,C12251,P5,End
321193,C12251$@DOM1,C12251,P9,Start
321193,C12275$@DOM1,C12275,P16,Start
321193,C12519$@DOM1,C12519,P16,Start
321193,C12670$@DOM1,C12670,P5,Start
321193,C12987$@DOM1,C12987,P16,Start
321193,C13179$@DOM1,C13179,P10,Start
321193,C13489$@DOM1,C13489,P177,Start
321193,C13644$@DOM1,C13644,P10,Start
321193,C14085$@DOM1,C14085,P25,Start
321193,C14085$@DOM1,C14085,P5,Start
321193,C1425$@DOM1,C1425,P16,Start
321193,C14447$@DOM1,C14447,P13,Start
321193,C14447$@DOM1,C14447,P14,Start
321193,C15126$@DOM1,C15126,P16,Start
321193,C1707$@DOM1,C1707,P60,End
321193,C1707$@DOM1,C1707,P60,Start
321193,C1707$@DOM1,C1707,P63,End
321193,C1707$@DOM1,C1707,P63,Start
321193,C17192$@DOM1,C17192,P16,Start
321193,C1732$@DOM1,C1732,P16,End
321193,C175$@DOM1,C175,P10,Start
321193,C1771$@DOM1,C1771,P9,End
321193,C1775$@DOM1,C1775,P10,Start
321193,C17957$@DOM1,C17957,P10,Start
321193,C1839$@DOM1,C1839,P16,Start
321193,C2113$@DOM1,C2113,P16,Start
321193,C241$@DOM1,C241,P5,Start
321193,C2410$@DOM1,C2410,P16,Start
321193,C2649$@DOM1,C2649,P47,Start
321193,C2868$@DOM1,C2868,P209,End
321193,C2868$@DOM1,C2868,P209,Start
321193,C3224$@DOM1,C3224,P16,Start
321193,C3286$@DOM1,C3286,P16,Start
321193,C3888$@DOM1,C3888,P16,End
321193,C492$@DOM1,C492,P21,End
321193,C492$@DOM1,C492,P21,Start
321193,C492$@DOM1,C492,P66,End
321193,C492$@DOM1,C492,P66,Start
321193,C589$@DOM1,C589,P47,Start
321193,C594$@DOM1,C594,P16,Start
321193,C6447$@DOM1,C6447,P16,Start
321193,C742$@DOM1,C742,P5,Start
321193,C778$@DOM1,C778,P13,Start
321193,C778$@DOM1,C778,P14,Start
321193,C7830$@DOM1,C7830,P16,Start
321193,C8082$@DOM1,C8082,P25,End
466509,U65@C1669,C1669,P56,Start
466509,U65@C1669,C1669,P57,End
466509,U65@C1669,C1669,P58,End
466509,U65@C1669,C1669,P58,Start
466509,U6710@DOM1,C3237,P778,Start
466509,U7529@DOM1,C16443,P152,Start
466509,U7529@DOM1,C16443,P247,Start
466509,U7956@DOM1,C17249,P51,Start
466509,U8255@DOM1,C17770,P152,Start
466509,U83@C1747,C1747,P21,End
466509,U83@C1747,C1747,P21,Start
466509,U83@C1747,C1747,P56,End
466509,U83@C1747,C1747,P56,Start
466509,U83@C1747,C1747,P57,End
466509,U83@C1747,C1747,P58,End
466509,U83@C1747,C1747,P58,Start
466509,U8641@DOM1,C18414,P174,End
466509,U8943@DOM1,C209,P247,Start
466509,U8956@DOM1,C19057,P88,Start
466509,U9084@DOM1,C1367,P53,Start
466510,C1021$@DOM1,C1021,P16,End
466510,C1035$@DOM1,C1035,P37,End
466510,C1035$@DOM1,C1035,P37,Start
466510,C1035$@DOM1,C1035,P48,Start
466510,C1035$@DOM1,C1035,P5,End
466510,C1035$@DOM1,C1035,P5,Start
466510,C1086$@DOM1,C1086,P16,Start
466510,C10966$@DOM1,C10966,P173,Start
466510,C11129$@DOM1,C11129,P16,Start
466510,C11204$@DOM1,C11204,P16,Start
466510,C11264$@DOM1,C11264,P19,Start
466510,C11516$@DOM1,C11516,P47,Start
466510,C11617$@DOM1,C11617,P16,Start
466510,C1187$@DOM1,C1187,P16,Start
466510,C1257$@DOM1,C1257,P16,Start
466510,C12665$@DOM1,C12665,P1896,End
466510,C12665$@DOM1,C12665,P1897,End
466510,C1268$@DOM1,C1268,P137,Start
466510,C13090$@DOM1,C13090,P124,Start
466510,C1337$@DOM1,C1337,P16,Start
466510,C13517$@DOM1,C13517,P9,Start
466510,C1372$@DOM1,C1372,P16,Start
466510,C13811$@DOM1,C13811,P13,Start
466510,C13811$@DOM1,C13811,P14,Start
466510,C1392$@DOM1,C1392,P16,Start
466510,C14290$@DOM1,C14290,P9,Start
466510,C15$@DOM1,C15,P1,Start
466510,C15196$@DOM1,C15196,P25,Start
466510,C15196$@DOM1,C15196,P5,Start
466510,C1611$@DOM1,C1611,P5,Start
466510,C16224$@DOM1,C16224,P5,Start
466510,C16524$@DOM1,C16524,P13,Start
466510,C16524$@DOM1,C16524,P14,Start
466510,C1685$@DOM1,C1685,P5,End
466510,C1685$@DOM1,C1685,P5,Start
466510,C1685$@DOM1,C1685,P60,End
466510,C1685$@DOM1,C1685,P60,Start
466510,C1685$@DOM1,C1685,P63,End
466510,C1685$@DOM1,C1685,P63,Start
466510,C1707$@DOM1,C1707,P60,End
466510,C1707$@DOM1,C1707,P60,Start
466510,C1707$@DOM1,C1707,P63,End
466510,C1707$@DOM1,C1707,P63,Start
466510,C1784$@DOM1,C1784,P16,Start
466510,C19027$@DOM1,C19027,P59,Start
466510,C19038$@DOM1,C19038,P265,Start
466510,C19692$@DOM1,C19692,P9,Start
466510,C20181$@DOM1,C20181,P29,Start
466510,C20181$@DOM1,C20181,P9,Start
466510,C2661$@DOM1,C2661,P16,Start
466510,C306$@DOM1,C306,P16,End
466510,C999$@DOM1,C999,P1337,Start
466510,C3097$@DOM1,C3097,P16,Start
466510,C3692$@DOM1,C3692,P156,Start
466510,C3993$@DOM1,C3993,P16,Start
466510,C4610$@DOM1,C4610,P9,End
466510,C4839$@DOM1,C4839,P25,End
466510,C492$@DOM1,C492,P21,End
466510,C492$@DOM1,C492,P21,Start
466510,C492$@DOM1,C492,P66,End
466510,C492$@DOM1,C492,P66,Start
466510,C6033$@DOM1,C6033,P16,Start
466510,C6431$@DOM1,C6431,P156,Start
466510,C6907$@DOM1,C6907,P131,Start
466510,C6949$@DOM1,C6949,P16,Start
466510,C7247$@DOM1,C7247,P16,Start
466510,C7503$@DOM1,C7503,P16,Start
466510,C7662$@DOM1,C7662,P16,Start
466510,C7771$@DOM1,C7771,P16,Start
466510,C7924$@DOM1,C7924,P13,Start
466510,C7924$@DOM1,C7924,P14,Start
466510,C7942$@DOM1,C7942,P16,Start
466510,C8410$@DOM1,C8410,P212,Start
466510,C85$@DOM1,C85,P214,Start
466510,C8555$@DOM1,C8555,P16,Start
466510,C9336$@DOM1,C9336,P16,Start
466510,C9353$@DOM1,C9353,P13,Start
466510,C9353$@DOM1,C9353,P14,Start
466510,C9456$@DOM1,C9456,P16,Start
466510,C972$@DOM1,C972,P156,Start
466510,C988$@DOM1,C988,P261,Start
466510,C9910$@DOM1,C9910,P16,Start
466510,LOCAL SERVICE@C1042,C1042,P18,End
466510,LOCAL SERVICE@C1042,C1042,P5,End
466510,LOCAL SERVICE@C1611,C1611,P22,End
466510,LOCAL SERVICE@C1611,C1611,P22,Start
466510,LOCAL SERVICE@C1611,C1611,P5,End
466510,LOCAL SERVICE@C18690,C18690,P90,Start
466510,LOCAL SERVICE@C6320,C6320,P90,End
466510,LOCAL SERVICE@C6320,C6320,P90,Start
466510,LOCAL SERVICE@C6449,C6449,P90,Start
466510,U1829@DOM1,C8410,P355,Start
466510,U1993@DOM1,C6181,P53,Start
466510,U2822@DOM1,C7573,P490,Start
466510,U2934@DOM1,C7889,P34,Start
466510,U294@DOM1,C19974,P242,End
466510,U2991@DOM1,C8151,P107,Start
466510,U3942@DOM1,C9986,P34,Start
466510,U5298@DOM1,C5746,P1937,End
466510,U5467@DOM1,C12998,P152,Start
466510,U5467@DOM1,C12998,P247,Start
466510,U5957@DOM1,C13687,P247,Start
466510,U6527@DOM1,C2668,P306,Start
466510,U6710@DOM1,C3237,P159,Start
466510,U672@DOM1,C972,P280,End
466510,U7688@DOM1,C16750,P34,Start
466510,U7@DOM1,C449,P23,End
466510,U7@DOM1,C449,P24,End
466510,U7@DOM1,C449,P24,Start
466510,U7@DOM1,C449,P5,End
466511,C10058$@DOM1,C10058,P16,Start
466511,C10368$@DOM1,C10368,P13,Start
466511,C10368$@DOM1,C10368,P14,Start
466511,C1046$@DOM1,C1046,P9,Start
466511,C1121$@DOM3,C1121,P16,Start
466511,C11342$@DOM1,C11342,P13,Start
466511,C11412$@DOM1,C11412,P16,Start
466511,C11459$@DOM1,C11459,P16,Start
466511,C11517$@DOM1,C11517,P16,Start
466511,C1152$@DOM1,C1152,P25,Start
466511,C11890$@DOM1,C11890,P16,Start
466511,C12055$@DOM1,C12055,P13,Start
466511,C12055$@DOM1,C12055,P14,Start
466511,C12116$@DOM1,C12116,P156,Start
466511,C12116$@DOM1,C12116,P16,Start
466511,C12189$@DOM1,C12189,P16,Start
466511,C12585$@DOM1,C12585,P16,Start
466511,C1280$@DOM1,C1280,P13,Start
466511,C12913$@DOM1,C12913,P25,Start
466511,C12913$@DOM1,C12913,P5,Start
466511,C13068$@DOM1,C13068,P13,Start
466511,C13068$@DOM1,C13068,P14,Start
466511,C13467$@DOM1,C13467,P209,Start
466511,C13479$@DOM1,C13479,P16,Start
466511,C1366$@DOM1,C1366,P16,Start
466511,C13719$@DOM1,C13719,P4,Start
466511,C13719$@DOM1,C13719,P482,Start
466511,C13719$@DOM1,C13719,P5,Start
466511,C14089$@DOM1,C14089,P13,Start
466511,C14089$@DOM1,C14089,P14,Start
466511,C1432$@DOM1,C1432,P141,End
466511,C1432$@DOM1,C1432,P141,Start
466511,C1432$@DOM1,C1432,P54,End
466511,C1432$@DOM1,C1432,P54,Start
466511,C14441$@DOM1,C14441,P16,Start
466511,C1517$@DOM1,C1517,P25,Start
466511,C1517$@DOM1,C1517,P5,Start
466511,C15441$@DOM1,C15441,P13,Start
466511,C15767$@DOM1,C15767,P239,Start
466511,C16195$@DOM1,C16195,P4,Start
466511,C16270$@DOM1,C16270,P1210,Start
466511,C16270$@DOM1,C16270,P5,Start
466511,C16744$@DOM1,C16744,P16,End
466511,C16922$@DOM1,C16922,P14,Start
466511,C17144$@DOM1,C17144,P156,End
466511,C17144$@DOM1,C17144,P16,Start
466511,C17468$@DOM1,C17468,P16,Start
466511,C17864$@DOM1,C17864,P16,Start
466511,C17867$@DOM1,C17867,P25,Start
466511,C17867$@DOM1,C17867,P5,Start
466511,C184$@DOM1,C184,P16,Start
466511,C18562$@DOM1,C18562,P13,Start
466511,C18562$@DOM1,C18562,P14,Start
466511,C18841$@DOM1,C18841,P280,Start
466511,C18988$@DOM1,C18988,P124,Start
466511,C19166$@DOM1,C19166,P5,Start
466511,C1929$@DOM1,C1929,P47,End
466511,C1929$@DOM1,C1929,P47,Start
466511,C19406$@DOM1,C19406,P16,Start
466511,C19497$@DOM1,C19497,P209,End
466511,C19497$@DOM1,C19497,P209,Start
466511,C19497$@DOM1,C19497,P562,Start
466511,C19656$@DOM1,C19656,P16,Start
466511,C19737$@DOM1,C19737,P265,Start
466511,C20175$@DOM1,C20175,P10,Start
466511,C20175$@DOM1,C20175,P11,Start
466511,C20175$@DOM1,C20175,P2,Start
466511,C20175$@DOM1,C20175,P241,Start
466511,C20175$@DOM1,C20175,P5,Start
466511,C20175$@DOM1,C20175,P6,Start
466511,C20187$@DOM1,C20187,P25,Start
466511,C20187$@DOM1,C20187,P5,Start
466511,C236$@DOM1,C236,P103,Start
466511,C236$@DOM1,C236,P12,Start
466511,C236$@DOM1,C236,P5,Start
466511,C241$@DOM1,C241,P5,Start
466511,C2901$@DOM1,C2901,P25,End
466511,C3848$@DOM1,C3848,P9,End
466511,C483$@DOM1,C483,P13,Start
466511,C483$@DOM1,C483,P14,Start
466511,C490$@DOM1,C490,P47,Start
466511,C5746$@DOM1,C5746,P231,Start
466511,C6003$@DOM1,C6003,P14,Start
466511,C7061$@DOM1,C7061,P16,Start
466511,C8080$@DOM1,C8080,P5,Start
466511,C87$@DOM1,C87,P14,Start
466511,C9117$@DOM1,C9117,P16,Start
466511,C9256$@DOM1,C9256,P16,Start
466511,C9414$@DOM1,C9414,P4,Start
466511,C9418$@DOM1,C9418,P16,End
466511,C9451$@DOM1,C9451,P13,Start
466511,C9451$@DOM1,C9451,P14,Start
466511,C9453$@DOM1,C9453,P117,Start
466511,C992$@DOM1,C992,P13,Start
466511,C992$@DOM1,C992,P14,Start
466511,LOCAL SERVICE@C12116,C12116,P90,Start
466511,LOCAL SERVICE@C13389,C13389,P90,Start
466511,LOCAL SERVICE@C241,C241,P17,End
466511,LOCAL SERVICE@C241,C241,P17,Start
466511,LOCAL SERVICE@C241,C241,P18,End
466511,LOCAL SERVICE@C241,C241,P18,Start
466511,LOCAL SERVICE@C241,C241,P5,End
466511,LOCAL SERVICE@C5836,C5836,P14,End
466511,LOCAL SERVICE@C856,C856,P90,Start
466511,U1053@DOM1,C862,P107,Start
466511,U1138@DOM1,C140,P364,Start
466511,U177@DOM1,C13855,P1103,Start
466511,U177@DOM1,C13855,P1105,Start
466511,U177@DOM1,C13855,P1106,Start
466511,U177@DOM1,C13855,P1109,Start
466511,U177@DOM1,C13855,P1112,Start
466511,U177@DOM1,C13855,P1355,Start
466511,U177@DOM1,C13855,P3287,Start
466511,U177@DOM1,C13855,P3803,Start
466511,U177@DOM1,C13855,P54,Start
466511,U177@DOM1,C13855,P678,Start
466511,U184@DOM1,C898,P34,Start
466511,U1885@DOM1,C1537,P247,Start
466511,U1980@DOM1,C6171,P13,End
466511,U210@DOM1,C1152,P25,End
466511,U2510@DOM1,C6721,P53,Start
466511,U3083@DOM1,C8080,P501,Start
466511,U5224@DOM1,C14796,P242,Start
466511,U5224@DOM1,C14796,P507,Start
466511,U6265@C1723,C1723,P4,End
466511,U6550@DOM1,C15882,P51,Start
466511,U6710@DOM1,C3237,P778,Start
466511,U7529@DOM1,C16443,P247,Start
466511,U8936@DOM1,C19035,P364,Start
466511,U8943@DOM1,C209,P247,Start
466511,U9000@DOM1,C19081,P364,Start
466511,U9013@DOM1,C19166,P1544,Start
466511,U957@DOM1,C1520,P125,Start
466512,C10293$@DOM1,C10293,P16,Start
466512,C1035$@DOM1,C1035,P48,End
466512,C11660$@DOM1,C11660,P16,Start
466512,C11757$@DOM1,C11757,P16,Start
466512,C1233$@DOM1,C1233,P156,Start
466512,C1282$@DOM1,C1282,P16,Start
466512,C12897$@DOM1,C12897,P13,Start
466512,C12897$@DOM1,C12897,P14,Start
466512,C13397$@DOM1,C13397,P16,Start
466512,C1378$@DOM1,C1378,P265,Start
466512,C1397$@DOM1,C1397,P16,Start
466512,C14194$@DOM1,C14194,P156,Start
466512,C14194$@DOM1,C14194,P280,Start
466512,C14260$@DOM1,C14260,P13,Start
466512,C14260$@DOM1,C14260,P14,Start
466512,C14724$@DOM1,C14724,P16,Start
466512,C14930$@DOM1,C14930,P13,Start
466512,C1503$@DOM1,C1503,P5,Start
466512,C15782$@DOM1,C15782,P16,Start
466512,C15782$@DOM1,C15782,P48,Start
466512,C15782$@DOM1,C15782,P9,Start
466512,C16457$@DOM1,C16457,P16,Start
466512,C1686$@DOM1,C1686,P16,Start
466512,C17885$@DOM1,C17885,P14,Start
466512,C18165$@DOM1,C18165,P13,Start
466512,C18165$@DOM1,C18165,P14,Start
466512,C18270$@DOM1,C18270,P156,Start
466512,C18270$@DOM1,C18270,P16,Start
466512,C18292$@DOM1,C18292,P13,Start
466512,C18292$@DOM1,C18292,P14,Start
466512,C18405$@DOM1,C18405,P14,End
466512,C18405$@DOM1,C18405,P14,Start
466512,C18877$@DOM1,C18877,P16,Start
466512,C18959$@DOM1,C18959,P16,Start
466512,C19038$@DOM1,C19038,P265,Start
466512,C19071$@DOM1,C19071,P131,Start
466512,C19158$@DOM1,C19158,P16,Start
466512,C19290$@DOM1,C19290,P16,Start
466512,C19410$@DOM1,C19410,P16,Start
466512,C19938$@DOM1,C19938,P14,End
466512,C2057$@DOM1,C2057,P5,Start
466512,C2148$@DOM1,C2148,P50,Start
466512,C227$@DOM1,C227,P13,Start
466512,C25$@DOM1,C25,P9,Start
466512,C252$@DOM1,C252,P16,Start
466512,C2660$@DOM1,C2660,P284,Start
466512,C2660$@DOM1,C2660,P9,Start
466512,C271$@DOM1,C271,P16,Start
466512,C3249$@DOM1,C3249,P16,End
466512,C3580$@DOM1,C3580,P16,End
466512,C3647$@DOM1,C3647,P10,Start
466512,C3711$@DOM1,C3711,P47,End
466512,C3746$@DOM1,C3746,P9,End
466512,C449$@DOM1,C449,P5,Start
466512,C6100$@DOM1,C6100,P44,Start
466512,C6320$@DOM1,C6320,P13,Start
466512,C6320$@DOM1,C6320,P14,Start
466512,C6828$@DOM1,C6828,P13,Start
466512,C7420$@DOM1,C7420,P13,Start
466512,C7420$@DOM1,C7420,P14,Start
466512,C782$@DOM1,C782,P13,Start
466512,C809$@DOM1,C809,P13,Start
466512,C8151$@DOM1,C8151,P21,Start
466512,C827$@DOM1,C827,P16,Start
466512,C8488$@DOM1,C8488,P16,Start
466512,C85$@DOM1,C85,P21,Start
466512,C85$@DOM1,C85,P28,Start
466512,C85$@DOM1,C85,P29,Start
466512,C85$@DOM1,C85,P5,Start
466512,C85$@DOM1,C85,P57,Start
466512,C85$@DOM1,C85,P9,Start
466512,C8690$@DOM1,C8690,P16,Start
466512,C9475$@DOM1,C9475,P13,Start
466512,C9475$@DOM1,C9475,P14,Start
466512,C9804$@DOM1,C9804,P16,Start
466512,LOCAL SERVICE@C11025,C11025,P90,Start
466512,LOCAL SERVICE@C1503,C1503,P17,End
466512,LOCAL SERVICE@C1503,C1503,P17,Start
466512,LOCAL SERVICE@C1503,C1503,P18,End
466512,LOCAL SERVICE@C1503,C1503,P18,Start
466512,LOCAL SERVICE@C1503,C1503,P5,End
466512,LOCAL SERVICE@C18165,C18165,P90,End
466512,LOCAL SERVICE@C18165,C18165,P90,Start
466512,LOCAL SERVICE@C18526,C18526,P90,Start
466512,LOCAL SERVICE@C2057,C2057,P22,Start
466512,LOCAL SERVICE@C2057,C2057,P90,End
466512,LOCAL SERVICE@C242,C242,P90,Start
466512,LOCAL SERVICE@C628,C628,P8,End
466512,LOCAL SERVICE@C7997,C7997,P90,Start
466512,U149@DOM1,C2377,P13,End
466512,U2098@DOM1,C6385,P258,Start
466512,U2350@DOM1,C6863,P372,Start
466512,U4885@DOM1,C11936,P130,Start
466512,U5467@DOM1,C12998,P247,Start
466512,U6527@DOM1,C2668,P306,Start
466512,U7197@DOM1,C2891,P372,Start
466512,U7833@DOM1,C17030,P153,Start
466512,U7@DOM1,C449,P23,End
466512,U7@DOM1,C449,P23,Start
466512,U7@DOM1,C449,P24,End
466512,U7@DOM1,C449,P24,Start
466512,U7@DOM1,C449,P5,End
466513,C11342$@DOM1,C11342,P14,Start
466513,C1139$@DOM1,C1139,P156,End
466513,C1139$@DOM1,C1139,P16,Start
466513,C1139$@DOM1,C1139,P178,End
466513,C1139$@DOM1,C1139,P179,End
466513,C1139$@DOM1,C1139,P5,Start
466513,C11748$@DOM1,C11748,P23,End
466513,C11748$@DOM1,C11748,P24,End
466513,C11748$@DOM1,C11748,P24,Start
466513,C12306$@DOM1,C12306,P16,End
466513,C1280$@DOM1,C1280,P14,Start
466513,C12847$@DOM1,C12847,P13,Start
466513,C13160$@DOM1,C13160,P52,Start
466513,C1319$@DOM1,C1319,P5,Start
466513,C13205$@DOM1,C13205,P257,Start
466513,C13467$@DOM1,C13467,P439,Start
466513,C13836$@DOM1,C13836,P16,Start
466513,C13855$@DOM1,C13855,P1690,Start
466513,C13855$@DOM1,C13855,P5,Start
466513,C13937$@DOM1,C13937,P16,Start
466513,C1399$@DOM1,C1399,P52,Start
466513,C14089$@DOM1,C14089,P16,Start
466513,C15070$@DOM1,C15070,P13,Start
466513,C15070$@DOM1,C15070,P14,Start
466513,C1508$@DOM1,C1508,P13,Start
466513,C15260$@DOM1,C15260,P131,Start
466513,C15441$@DOM1,C15441,P14,Start
466513,C15540$@DOM1,C15540,P7,Start
466513,C1624$@DOM1,C1624,P50,End
466513,C1624$@DOM1,C1624,P50,Start
466513,C16465$@DOM1,C16465,P16,Start
466513,C16486$@DOM1,C16486,P16,Start
466513,C16486$@DOM1,C16486,P255,Start
466513,C1654$@DOM1,C1654,P21,End
466513,C1654$@DOM1,C1654,P21,Start
466513,C1654$@DOM1,C1654,P54,End
466513,C1654$@DOM1,C1654,P54,Start
466513,C16587$@DOM1,C16587,P16,Start
466513,C17117$@DOM1,C17117,P10,Start
466513,C17117$@DOM1,C17117,P13,Start
466513,C17117$@DOM1,C17117,P14,Start
466513,C17117$@DOM1,C17117,P5,Start
466513,C17117$@DOM1,C17117,P6,Start
466513,C17117$@DOM1,C17117,P7,Start
466513,C17117$@DOM1,C17117,P8,Start
466513,C17117$@DOM1,C17117,P83,Start
466513,C17843$@DOM1,C17843,P13,Start
466513,C17843$@DOM1,C17843,P14,Start
466513,C18537$@DOM1,C18537,P16,Start
466513,C19308$@DOM1,C19308,P16,Start
466513,C19597$@DOM1,C19597,P16,Start
466513,C19707$@DOM1,C19707,P16,Start
466513,C19737$@DOM1,C19737,P265,Start
466513,C20185$@DOM1,C20185,P209,Start
466513,C2039$@DOM1,C2039,P5,Start
466513,C2095$@DOM1,C2095,P16,Start
466513,C2204$@DOM1,C2204,P16,Start
466513,C236$@DOM1,C236,P12,Start
466513,C236$@DOM1,C236,P5,Start
466513,C2660$@DOM1,C2660,P16,Start
466513,C346$@DOM1,C346,P13,Start
466513,C346$@DOM1,C346,P14,Start
466513,C346$@DOM1,C346,P9,Start
466513,C3636$@DOM1,C3636,P16,Start
466513,C4310$@DOM1,C4310,P47,End
466513,C5933$@DOM1,C5933,P16,Start
466513,C6631$@DOM1,C6631,P13,Start
466513,C6763$@DOM1,C6763,P16,Start
466513,C7873$@DOM1,C7873,P156,Start
466513,C802$@DOM1,C802,P59,Start
